-- phpMyAdmin SQL Dump
-- version 3.5.7
-- http://www.phpmyadmin.net
--
-- 主机: 127.0.0.1
-- 生成日期: 2016 年 03 月 28 日 19:38
-- 服务器版本: 5.6.10
-- PHP 版本: 5.6.6

SET SQL_MODE="NO_AUTO_VALUE_ON_ZERO";
SET time_zone = "+00:00";


/*!40101 SET @OLD_CHARACTER_SET_CLIENT=@@CHARACTER_SET_CLIENT */;
/*!40101 SET @OLD_CHARACTER_SET_RESULTS=@@CHARACTER_SET_RESULTS */;
/*!40101 SET @OLD_COLLATION_CONNECTION=@@COLLATION_CONNECTION */;
/*!40101 SET NAMES utf8 */;

--
-- 数据库: `ysc`
--

-- --------------------------------------------------------

--
-- 表的结构 `ims_account`
--

CREATE TABLE IF NOT EXISTS `ims_account` (
  `acid` int(10) unsigned NOT NULL AUTO_INCREMENT,
  `uniacid` int(10) unsigned NOT NULL,
  `hash` varchar(8) NOT NULL,
  `type` tinyint(3) unsigned NOT NULL,
  `isconnect` tinyint(4) NOT NULL,
  PRIMARY KEY (`acid`),
  KEY `idx_uniacid` (`uniacid`)
) ENGINE=MyISAM  DEFAULT CHARSET=utf8 AUTO_INCREMENT=2 ;

--
-- 转存表中的数据 `ims_account`
--

INSERT INTO `ims_account` (`acid`, `uniacid`, `hash`, `type`, `isconnect`) VALUES
(1, 1, 'uRr8qvQV', 1, 0);

-- --------------------------------------------------------

--
-- 表的结构 `ims_account_wechats`
--

CREATE TABLE IF NOT EXISTS `ims_account_wechats` (
  `acid` int(10) unsigned NOT NULL,
  `uniacid` int(10) unsigned NOT NULL,
  `token` varchar(32) NOT NULL,
  `access_token` varchar(1000) NOT NULL,
  `encodingaeskey` varchar(255) NOT NULL,
  `level` tinyint(4) unsigned NOT NULL,
  `name` varchar(30) NOT NULL,
  `account` varchar(30) NOT NULL,
  `original` varchar(50) NOT NULL,
  `signature` varchar(100) NOT NULL,
  `country` varchar(10) NOT NULL,
  `province` varchar(3) NOT NULL,
  `city` varchar(15) NOT NULL,
  `username` varchar(30) NOT NULL,
  `password` varchar(32) NOT NULL,
  `lastupdate` int(10) unsigned NOT NULL,
  `key` varchar(50) NOT NULL,
  `secret` varchar(50) NOT NULL,
  `styleid` int(10) unsigned NOT NULL,
  `subscribeurl` varchar(120) NOT NULL,
  `auth_refresh_token` varchar(255) NOT NULL,
  PRIMARY KEY (`acid`),
  KEY `idx_key` (`key`)
) ENGINE=MyISAM DEFAULT CHARSET=utf8;

--
-- 转存表中的数据 `ims_account_wechats`
--

INSERT INTO `ims_account_wechats` (`acid`, `uniacid`, `token`, `access_token`, `encodingaeskey`, `level`, `name`, `account`, `original`, `signature`, `country`, `province`, `city`, `username`, `password`, `lastupdate`, `key`, `secret`, `styleid`, `subscribeurl`, `auth_refresh_token`) VALUES
(1, 1, 'omJNpZEhZeHj1ZxFECKkP48B5VFbk1HP', '', '', 1, 'we7team', '', '', '', '', '', '', '', '', 0, '', '', 1, '', '');

-- --------------------------------------------------------

--
-- 表的结构 `ims_activity_clerks`
--

CREATE TABLE IF NOT EXISTS `ims_activity_clerks` (
  `id` int(10) unsigned NOT NULL AUTO_INCREMENT,
  `uniacid` int(10) unsigned NOT NULL,
  `uid` int(10) unsigned NOT NULL,
  `storeid` int(10) unsigned NOT NULL,
  `name` varchar(50) NOT NULL,
  `password` varchar(200) NOT NULL,
  `mobile` varchar(20) NOT NULL,
  `openid` varchar(50) NOT NULL,
  `nickname` varchar(30) NOT NULL,
  PRIMARY KEY (`id`)
) ENGINE=MyISAM DEFAULT CHARSET=utf8 AUTO_INCREMENT=1 ;

-- --------------------------------------------------------

--
-- 表的结构 `ims_activity_coupon`
--

CREATE TABLE IF NOT EXISTS `ims_activity_coupon` (
  `couponid` int(10) unsigned NOT NULL AUTO_INCREMENT,
  `uniacid` int(10) unsigned NOT NULL,
  `type` tinyint(4) NOT NULL,
  `title` varchar(30) NOT NULL,
  `couponsn` varchar(50) NOT NULL,
  `description` text,
  `discount` decimal(10,2) NOT NULL,
  `condition` decimal(10,2) NOT NULL,
  `starttime` int(10) unsigned NOT NULL,
  `endtime` int(10) unsigned NOT NULL,
  `limit` int(11) NOT NULL,
  `dosage` int(11) unsigned NOT NULL,
  `amount` int(11) unsigned NOT NULL,
  `thumb` varchar(500) NOT NULL,
  `credit` int(10) unsigned NOT NULL,
  `use_module` tinyint(3) unsigned NOT NULL,
  `credittype` varchar(20) NOT NULL,
  PRIMARY KEY (`couponid`),
  KEY `uniacid` (`uniacid`)
) ENGINE=MyISAM DEFAULT CHARSET=utf8 AUTO_INCREMENT=1 ;

-- --------------------------------------------------------

--
-- 表的结构 `ims_activity_coupon_allocation`
--

CREATE TABLE IF NOT EXISTS `ims_activity_coupon_allocation` (
  `id` int(10) unsigned NOT NULL AUTO_INCREMENT,
  `uniacid` int(10) unsigned NOT NULL,
  `couponid` int(10) unsigned NOT NULL,
  `groupid` int(10) unsigned NOT NULL,
  PRIMARY KEY (`id`),
  KEY `uniacid` (`uniacid`,`couponid`,`groupid`)
) ENGINE=MyISAM DEFAULT CHARSET=utf8 AUTO_INCREMENT=1 ;

-- --------------------------------------------------------

--
-- 表的结构 `ims_activity_coupon_modules`
--

CREATE TABLE IF NOT EXISTS `ims_activity_coupon_modules` (
  `id` int(10) unsigned NOT NULL AUTO_INCREMENT,
  `uniacid` int(10) unsigned NOT NULL,
  `couponid` int(10) unsigned NOT NULL,
  `module` varchar(30) NOT NULL,
  PRIMARY KEY (`id`),
  KEY `uniacid` (`uniacid`),
  KEY `couponid` (`couponid`)
) ENGINE=MyISAM DEFAULT CHARSET=utf8 AUTO_INCREMENT=1 ;

-- --------------------------------------------------------

--
-- 表的结构 `ims_activity_coupon_record`
--

CREATE TABLE IF NOT EXISTS `ims_activity_coupon_record` (
  `recid` int(10) unsigned NOT NULL AUTO_INCREMENT,
  `uniacid` int(10) unsigned NOT NULL,
  `uid` int(10) unsigned NOT NULL,
  `grantmodule` varchar(50) NOT NULL,
  `granttime` int(10) unsigned NOT NULL,
  `usemodule` varchar(50) NOT NULL,
  `usetime` int(10) unsigned NOT NULL,
  `status` tinyint(4) NOT NULL,
  `operator` varchar(30) NOT NULL,
  `clerk_id` int(10) unsigned NOT NULL,
  `store_id` int(10) unsigned NOT NULL,
  `clerk_type` tinyint(3) unsigned NOT NULL,
  `remark` varchar(300) NOT NULL,
  `couponid` int(10) unsigned NOT NULL,
  PRIMARY KEY (`recid`),
  KEY `couponid` (`uid`,`grantmodule`,`usemodule`,`status`),
  KEY `uniacid` (`uniacid`)
) ENGINE=MyISAM DEFAULT CHARSET=utf8 AUTO_INCREMENT=1 ;

-- --------------------------------------------------------

--
-- 表的结构 `ims_activity_exchange`
--

CREATE TABLE IF NOT EXISTS `ims_activity_exchange` (
  `id` int(10) unsigned NOT NULL AUTO_INCREMENT,
  `uniacid` int(11) NOT NULL,
  `title` varchar(100) NOT NULL,
  `description` text NOT NULL,
  `thumb` varchar(500) NOT NULL,
  `type` tinyint(1) unsigned NOT NULL,
  `extra` varchar(3000) NOT NULL,
  `credit` int(10) unsigned NOT NULL,
  `credittype` varchar(10) NOT NULL,
  `pretotal` int(11) NOT NULL,
  `num` int(11) NOT NULL,
  `total` int(10) unsigned NOT NULL,
  `status` tinyint(3) unsigned NOT NULL,
  `starttime` int(10) unsigned NOT NULL,
  `endtime` int(10) NOT NULL,
  PRIMARY KEY (`id`)
) ENGINE=MyISAM DEFAULT CHARSET=utf8 AUTO_INCREMENT=1 ;

-- --------------------------------------------------------

--
-- 表的结构 `ims_activity_exchange_trades`
--

CREATE TABLE IF NOT EXISTS `ims_activity_exchange_trades` (
  `tid` int(10) unsigned NOT NULL AUTO_INCREMENT,
  `uniacid` int(10) unsigned NOT NULL,
  `uid` int(10) unsigned NOT NULL,
  `exid` int(10) unsigned NOT NULL,
  `type` int(10) unsigned NOT NULL,
  `createtime` int(10) unsigned NOT NULL,
  PRIMARY KEY (`tid`),
  KEY `uniacid` (`uniacid`,`uid`,`exid`)
) ENGINE=MyISAM DEFAULT CHARSET=utf8 AUTO_INCREMENT=1 ;

-- --------------------------------------------------------

--
-- 表的结构 `ims_activity_exchange_trades_shipping`
--

CREATE TABLE IF NOT EXISTS `ims_activity_exchange_trades_shipping` (
  `tid` int(10) unsigned NOT NULL AUTO_INCREMENT,
  `uniacid` int(10) unsigned NOT NULL,
  `exid` int(10) unsigned NOT NULL,
  `uid` int(10) unsigned NOT NULL,
  `status` tinyint(4) NOT NULL,
  `createtime` int(10) unsigned NOT NULL,
  `province` varchar(30) NOT NULL,
  `city` varchar(30) NOT NULL,
  `district` varchar(30) NOT NULL,
  `address` varchar(255) NOT NULL,
  `zipcode` varchar(6) NOT NULL,
  `mobile` varchar(30) NOT NULL,
  `name` varchar(30) NOT NULL,
  PRIMARY KEY (`tid`),
  KEY `uniacid` (`uniacid`),
  KEY `uid` (`uid`)
) ENGINE=MyISAM DEFAULT CHARSET=utf8 AUTO_INCREMENT=1 ;

-- --------------------------------------------------------

--
-- 表的结构 `ims_activity_modules`
--

CREATE TABLE IF NOT EXISTS `ims_activity_modules` (
  `mid` int(10) unsigned NOT NULL AUTO_INCREMENT,
  `uniacid` int(10) unsigned NOT NULL,
  `exid` int(10) unsigned NOT NULL,
  `module` varchar(50) NOT NULL,
  `uid` int(10) unsigned NOT NULL,
  `available` int(10) unsigned NOT NULL,
  PRIMARY KEY (`mid`),
  KEY `uniacid` (`uniacid`),
  KEY `module` (`module`),
  KEY `uid` (`uid`)
) ENGINE=MyISAM DEFAULT CHARSET=utf8 AUTO_INCREMENT=1 ;

-- --------------------------------------------------------

--
-- 表的结构 `ims_activity_modules_record`
--

CREATE TABLE IF NOT EXISTS `ims_activity_modules_record` (
  `id` int(10) unsigned NOT NULL AUTO_INCREMENT,
  `mid` int(10) unsigned NOT NULL,
  `num` tinyint(3) NOT NULL,
  `createtime` int(10) unsigned NOT NULL,
  PRIMARY KEY (`id`),
  KEY `mid` (`mid`)
) ENGINE=MyISAM DEFAULT CHARSET=utf8 AUTO_INCREMENT=1 ;

-- --------------------------------------------------------

--
-- 表的结构 `ims_activity_stores`
--

CREATE TABLE IF NOT EXISTS `ims_activity_stores` (
  `id` int(10) unsigned NOT NULL AUTO_INCREMENT,
  `uniacid` int(10) unsigned NOT NULL,
  `business_name` varchar(50) NOT NULL,
  `branch_name` varchar(50) NOT NULL,
  `category` varchar(255) NOT NULL,
  `province` varchar(15) NOT NULL,
  `city` varchar(15) NOT NULL,
  `district` varchar(15) NOT NULL,
  `address` varchar(50) NOT NULL,
  `longitude` varchar(15) NOT NULL,
  `latitude` varchar(15) NOT NULL,
  `telephone` varchar(20) NOT NULL,
  `photo_list` varchar(10000) NOT NULL,
  `avg_price` int(10) unsigned NOT NULL,
  `open_time` varchar(50) NOT NULL,
  `recommend` varchar(255) NOT NULL,
  `special` varchar(255) NOT NULL,
  `introduction` varchar(255) NOT NULL,
  `sid` int(10) unsigned NOT NULL,
  `location_id` int(10) unsigned NOT NULL,
  `status` tinyint(3) unsigned NOT NULL,
  `offset_type` tinyint(3) unsigned NOT NULL,
  `type` tinyint(3) unsigned NOT NULL,
  `message` varchar(500) NOT NULL,
  PRIMARY KEY (`id`),
  KEY `uniacid` (`uniacid`)
) ENGINE=MyISAM DEFAULT CHARSET=utf8 AUTO_INCREMENT=1 ;

-- --------------------------------------------------------

--
-- 表的结构 `ims_article_category`
--

CREATE TABLE IF NOT EXISTS `ims_article_category` (
  `id` int(10) unsigned NOT NULL AUTO_INCREMENT,
  `title` varchar(30) NOT NULL,
  `displayorder` tinyint(3) unsigned NOT NULL,
  `type` varchar(15) NOT NULL,
  PRIMARY KEY (`id`),
  KEY `type` (`type`)
) ENGINE=MyISAM DEFAULT CHARSET=utf8 AUTO_INCREMENT=1 ;

-- --------------------------------------------------------

--
-- 表的结构 `ims_article_news`
--

CREATE TABLE IF NOT EXISTS `ims_article_news` (
  `id` int(10) unsigned NOT NULL AUTO_INCREMENT,
  `cateid` int(10) unsigned NOT NULL,
  `title` varchar(100) NOT NULL,
  `content` mediumtext NOT NULL,
  `thumb` varchar(255) NOT NULL,
  `source` varchar(255) NOT NULL,
  `author` varchar(50) NOT NULL,
  `displayorder` tinyint(3) unsigned NOT NULL,
  `is_display` tinyint(3) unsigned NOT NULL,
  `is_show_home` tinyint(3) unsigned NOT NULL,
  `createtime` int(10) unsigned NOT NULL,
  `click` int(10) unsigned NOT NULL,
  PRIMARY KEY (`id`),
  KEY `title` (`title`),
  KEY `cateid` (`cateid`)
) ENGINE=MyISAM DEFAULT CHARSET=utf8 AUTO_INCREMENT=1 ;

-- --------------------------------------------------------

--
-- 表的结构 `ims_article_notice`
--

CREATE TABLE IF NOT EXISTS `ims_article_notice` (
  `id` int(10) unsigned NOT NULL AUTO_INCREMENT,
  `cateid` int(10) unsigned NOT NULL,
  `title` varchar(100) NOT NULL,
  `content` mediumtext NOT NULL,
  `displayorder` tinyint(3) unsigned NOT NULL,
  `is_display` tinyint(3) unsigned NOT NULL,
  `is_show_home` tinyint(3) unsigned NOT NULL,
  `createtime` int(10) unsigned NOT NULL,
  `click` int(10) unsigned NOT NULL,
  PRIMARY KEY (`id`),
  KEY `title` (`title`),
  KEY `cateid` (`cateid`)
) ENGINE=MyISAM DEFAULT CHARSET=utf8 AUTO_INCREMENT=1 ;

-- --------------------------------------------------------

--
-- 表的结构 `ims_article_unread_notice`
--

CREATE TABLE IF NOT EXISTS `ims_article_unread_notice` (
  `id` int(10) unsigned NOT NULL AUTO_INCREMENT,
  `notice_id` int(10) unsigned NOT NULL,
  `uid` int(10) unsigned NOT NULL,
  `is_new` tinyint(3) unsigned NOT NULL,
  PRIMARY KEY (`id`),
  KEY `uid` (`uid`),
  KEY `notice_id` (`notice_id`)
) ENGINE=MyISAM DEFAULT CHARSET=utf8 AUTO_INCREMENT=1 ;

-- --------------------------------------------------------

--
-- 表的结构 `ims_basic_reply`
--

CREATE TABLE IF NOT EXISTS `ims_basic_reply` (
  `id` int(10) unsigned NOT NULL AUTO_INCREMENT,
  `rid` int(10) unsigned NOT NULL,
  `content` varchar(1000) NOT NULL,
  PRIMARY KEY (`id`),
  KEY `rid` (`rid`)
) ENGINE=MyISAM DEFAULT CHARSET=utf8 AUTO_INCREMENT=1 ;

-- --------------------------------------------------------

--
-- 表的结构 `ims_business`
--

CREATE TABLE IF NOT EXISTS `ims_business` (
  `id` int(10) unsigned NOT NULL AUTO_INCREMENT,
  `weid` int(10) unsigned NOT NULL,
  `title` varchar(50) NOT NULL,
  `thumb` varchar(255) NOT NULL,
  `content` varchar(1000) NOT NULL,
  `phone` varchar(15) NOT NULL,
  `qq` varchar(15) NOT NULL,
  `province` varchar(50) NOT NULL,
  `city` varchar(50) NOT NULL,
  `dist` varchar(50) NOT NULL,
  `address` varchar(500) NOT NULL,
  `lng` varchar(10) NOT NULL,
  `lat` varchar(10) NOT NULL,
  `industry1` varchar(10) NOT NULL,
  `industry2` varchar(10) NOT NULL,
  `createtime` int(10) NOT NULL,
  PRIMARY KEY (`id`),
  KEY `idx_lat_lng` (`lng`,`lat`)
) ENGINE=MyISAM DEFAULT CHARSET=utf8 AUTO_INCREMENT=1 ;

-- --------------------------------------------------------

--
-- 表的结构 `ims_core_attachment`
--

CREATE TABLE IF NOT EXISTS `ims_core_attachment` (
  `id` int(10) unsigned NOT NULL AUTO_INCREMENT,
  `uniacid` int(10) unsigned NOT NULL,
  `uid` int(10) unsigned NOT NULL,
  `filename` varchar(255) NOT NULL,
  `attachment` varchar(255) NOT NULL,
  `type` tinyint(3) unsigned NOT NULL,
  `createtime` int(10) unsigned NOT NULL,
  PRIMARY KEY (`id`)
) ENGINE=MyISAM  DEFAULT CHARSET=utf8 AUTO_INCREMENT=4 ;

--
-- 转存表中的数据 `ims_core_attachment`
--

INSERT INTO `ims_core_attachment` (`id`, `uniacid`, `uid`, `filename`, `attachment`, `type`, `createtime`) VALUES
(1, 1, 1, 'baidu_jgylogo3.gif', 'images/1/2016/02/jRp1NQOFOcFPOWq2Lq2zc8iq7lQ2OE.gif', 1, 1455292295),
(2, 1, 0, 'baidu_jgylogo3.gif', 'images/1/2016/02/ktaRYlgfl9UDFUDNlhUiuacrFhALuY.gif', 1, 1455324499),
(3, 1, 0, 'baidu_jgylogo3.gif', 'images/1/2016/02/Rkf2n8I2doY00ouUfkh2ud0fWYz0i0.gif', 1, 1455324505);

-- --------------------------------------------------------

--
-- 表的结构 `ims_core_cache`
--

CREATE TABLE IF NOT EXISTS `ims_core_cache` (
  `key` varchar(50) NOT NULL,
  `value` mediumtext NOT NULL,
  PRIMARY KEY (`key`)
) ENGINE=MyISAM DEFAULT CHARSET=utf8;

--
-- 转存表中的数据 `ims_core_cache`
--

INSERT INTO `ims_core_cache` (`key`, `value`) VALUES
('setting', 'a:7:{s:9:"copyright";a:1:{s:6:"slides";a:3:{i:0;s:58:"https://img.alicdn.com/tps/TB1pfG4IFXXXXc6XXXXXXXXXXXX.jpg";i:1;s:58:"https://img.alicdn.com/tps/TB1sXGYIFXXXXc5XpXXXXXXXXXX.jpg";i:2;s:58:"https://img.alicdn.com/tps/TB1h9xxIFXXXXbKXXXXXXXXXXXX.jpg";}}s:8:"authmode";i:1;s:5:"close";a:2:{s:6:"status";s:1:"0";s:6:"reason";s:0:"";}s:8:"register";a:4:{s:4:"open";i:1;s:6:"verify";i:0;s:4:"code";i:1;s:7:"groupid";i:1;}s:4:"site";a:2:{s:3:"key";s:5:"48003";s:5:"token";s:32:"011566168310b9c519d2eb5e8bdeea6e";}s:7:"cloudip";a:2:{s:2:"ip";s:13:"27.221.23.222";s:6:"expire";i:1454718931;}s:8:"platform";a:5:{s:5:"token";s:32:"yk7KMPvMvm6szspaSKQ6khsTv1nuWRsM";s:14:"encodingaeskey";s:43:"Vzq8OgGogSQCUs70gPyc37G4glp2rS7Gec03qs474UC";s:9:"appsecret";s:0:"";s:5:"appid";s:0:"";s:9:"authstate";i:1;}}'),
('system_frame', 'a:5:{s:8:"platform";a:3:{i:0;a:2:{s:5:"title";s:12:"基本功能";s:5:"items";a:8:{i:0;a:5:{s:2:"id";s:1:"3";s:5:"title";s:12:"文字回复";s:3:"url";s:38:"./index.php?c=platform&a=reply&m=basic";s:15:"permission_name";s:20:"platform_reply_basic";s:6:"append";a:2:{s:5:"title";s:26:"<i class="fa fa-plus"></i>";s:3:"url";s:46:"./index.php?c=platform&a=reply&do=post&m=basic";}}i:1;a:5:{s:2:"id";s:1:"4";s:5:"title";s:12:"图文回复";s:3:"url";s:37:"./index.php?c=platform&a=reply&m=news";s:15:"permission_name";s:19:"platform_reply_news";s:6:"append";a:2:{s:5:"title";s:26:"<i class="fa fa-plus"></i>";s:3:"url";s:45:"./index.php?c=platform&a=reply&do=post&m=news";}}i:2;a:5:{s:2:"id";s:1:"5";s:5:"title";s:12:"音乐回复";s:3:"url";s:38:"./index.php?c=platform&a=reply&m=music";s:15:"permission_name";s:20:"platform_reply_music";s:6:"append";a:2:{s:5:"title";s:26:"<i class="fa fa-plus"></i>";s:3:"url";s:46:"./index.php?c=platform&a=reply&do=post&m=music";}}i:3;a:5:{s:2:"id";s:1:"6";s:5:"title";s:12:"图片回复";s:3:"url";s:39:"./index.php?c=platform&a=reply&m=images";s:15:"permission_name";s:21:"platform_reply_images";s:6:"append";a:2:{s:5:"title";s:26:"<i class="fa fa-plus"></i>";s:3:"url";s:47:"./index.php?c=platform&a=reply&do=post&m=images";}}i:4;a:5:{s:2:"id";s:1:"7";s:5:"title";s:12:"语音回复";s:3:"url";s:38:"./index.php?c=platform&a=reply&m=voice";s:15:"permission_name";s:20:"platform_reply_voice";s:6:"append";a:2:{s:5:"title";s:26:"<i class="fa fa-plus"></i>";s:3:"url";s:46:"./index.php?c=platform&a=reply&do=post&m=voice";}}i:5;a:5:{s:2:"id";s:1:"8";s:5:"title";s:12:"视频回复";s:3:"url";s:38:"./index.php?c=platform&a=reply&m=video";s:15:"permission_name";s:20:"platform_reply_video";s:6:"append";a:2:{s:5:"title";s:26:"<i class="fa fa-plus"></i>";s:3:"url";s:46:"./index.php?c=platform&a=reply&do=post&m=video";}}i:6;a:5:{s:2:"id";s:1:"9";s:5:"title";s:21:"自定义接口回复";s:3:"url";s:40:"./index.php?c=platform&a=reply&m=userapi";s:15:"permission_name";s:22:"platform_reply_userapi";s:6:"append";a:2:{s:5:"title";s:26:"<i class="fa fa-plus"></i>";s:3:"url";s:48:"./index.php?c=platform&a=reply&do=post&m=userapi";}}i:7;a:4:{s:2:"id";s:2:"10";s:5:"title";s:12:"系统回复";s:3:"url";s:44:"./index.php?c=platform&a=special&do=display&";s:15:"permission_name";s:21:"platform_reply_system";}}}i:1;a:2:{s:5:"title";s:12:"高级功能";s:5:"items";a:6:{i:0;a:4:{s:2:"id";s:2:"12";s:5:"title";s:18:"常用服务接入";s:3:"url";s:43:"./index.php?c=platform&a=service&do=switch&";s:15:"permission_name";s:16:"platform_service";}i:1;a:4:{s:2:"id";s:2:"13";s:5:"title";s:15:"自定义菜单";s:3:"url";s:30:"./index.php?c=platform&a=menu&";s:15:"permission_name";s:13:"platform_menu";}i:2;a:4:{s:2:"id";s:2:"14";s:5:"title";s:18:"特殊消息回复";s:3:"url";s:44:"./index.php?c=platform&a=special&do=message&";s:15:"permission_name";s:16:"platform_special";}i:3;a:4:{s:2:"id";s:2:"15";s:5:"title";s:15:"二维码管理";s:3:"url";s:28:"./index.php?c=platform&a=qr&";s:15:"permission_name";s:11:"platform_qr";}i:4;a:4:{s:2:"id";s:2:"16";s:5:"title";s:15:"多客服接入";s:3:"url";s:39:"./index.php?c=platform&a=reply&m=custom";s:15:"permission_name";s:21:"platform_reply_custom";}i:5;a:4:{s:2:"id";s:2:"17";s:5:"title";s:18:"长链接二维码";s:3:"url";s:32:"./index.php?c=platform&a=url2qr&";s:15:"permission_name";s:15:"platform_url2qr";}}}i:2;a:2:{s:5:"title";s:12:"数据统计";s:5:"items";a:4:{i:0;a:4:{s:2:"id";s:2:"19";s:5:"title";s:12:"聊天记录";s:3:"url";s:41:"./index.php?c=platform&a=stat&do=history&";s:15:"permission_name";s:21:"platform_stat_history";}i:1;a:4:{s:2:"id";s:2:"20";s:5:"title";s:24:"回复规则使用情况";s:3:"url";s:38:"./index.php?c=platform&a=stat&do=rule&";s:15:"permission_name";s:18:"platform_stat_rule";}i:2;a:4:{s:2:"id";s:2:"21";s:5:"title";s:21:"关键字命中情况";s:3:"url";s:41:"./index.php?c=platform&a=stat&do=keyword&";s:15:"permission_name";s:21:"platform_stat_keyword";}i:3;a:4:{s:2:"id";s:2:"22";s:5:"title";s:6:"参数";s:3:"url";s:41:"./index.php?c=platform&a=stat&do=setting&";s:15:"permission_name";s:21:"platform_stat_setting";}}}}s:4:"site";a:3:{i:0;a:2:{s:5:"title";s:12:"微站管理";s:5:"items";a:3:{i:0;a:5:{s:2:"id";s:2:"25";s:5:"title";s:12:"站点管理";s:3:"url";s:38:"./index.php?c=site&a=multi&do=display&";s:15:"permission_name";s:18:"site_multi_display";s:6:"append";a:2:{s:5:"title";s:26:"<i class="fa fa-plus"></i>";s:3:"url";s:35:"./index.php?c=site&a=multi&do=post&";}}i:1;a:4:{s:2:"id";s:2:"28";s:5:"title";s:12:"模板管理";s:3:"url";s:39:"./index.php?c=site&a=style&do=template&";s:15:"permission_name";s:19:"site_style_template";}i:2;a:4:{s:2:"id";s:2:"29";s:5:"title";s:18:"模块模板扩展";s:3:"url";s:37:"./index.php?c=site&a=style&do=module&";s:15:"permission_name";s:17:"site_style_module";}}}i:1;a:2:{s:5:"title";s:18:"特殊页面管理";s:5:"items";a:2:{i:0;a:4:{s:2:"id";s:2:"31";s:5:"title";s:12:"会员中心";s:3:"url";s:34:"./index.php?c=site&a=editor&do=uc&";s:15:"permission_name";s:14:"site_editor_uc";}i:1;a:5:{s:2:"id";s:2:"32";s:5:"title";s:12:"专题页面";s:3:"url";s:36:"./index.php?c=site&a=editor&do=page&";s:15:"permission_name";s:16:"site_editor_page";s:6:"append";a:2:{s:5:"title";s:26:"<i class="fa fa-plus"></i>";s:3:"url";s:38:"./index.php?c=site&a=editor&do=design&";}}}}i:2;a:2:{s:5:"title";s:12:"功能组件";s:5:"items";a:2:{i:0;a:4:{s:2:"id";s:2:"34";s:5:"title";s:12:"分类设置";s:3:"url";s:30:"./index.php?c=site&a=category&";s:15:"permission_name";s:13:"site_category";}i:1;a:4:{s:2:"id";s:2:"35";s:5:"title";s:12:"文章管理";s:3:"url";s:29:"./index.php?c=site&a=article&";s:15:"permission_name";s:12:"site_article";}}}}s:2:"mc";a:8:{i:0;a:2:{s:5:"title";s:12:"粉丝管理";s:5:"items";a:2:{i:0;a:4:{s:2:"id";s:2:"38";s:5:"title";s:12:"粉丝分组";s:3:"url";s:28:"./index.php?c=mc&a=fangroup&";s:15:"permission_name";s:11:"mc_fangroup";}i:1;a:4:{s:2:"id";s:2:"39";s:5:"title";s:6:"粉丝";s:3:"url";s:24:"./index.php?c=mc&a=fans&";s:15:"permission_name";s:7:"mc_fans";}}}i:1;a:2:{s:5:"title";s:12:"会员中心";s:5:"items";a:3:{i:0;a:4:{s:2:"id";s:2:"41";s:5:"title";s:21:"会员中心关键字";s:3:"url";s:37:"./index.php?c=platform&a=cover&do=mc&";s:15:"permission_name";s:17:"platform_cover_mc";}i:1;a:5:{s:2:"id";s:2:"42";s:5:"title";s:6:"会员";s:3:"url";s:25:"./index.php?c=mc&a=member";s:15:"permission_name";s:9:"mc_member";s:6:"append";a:2:{s:5:"title";s:26:"<i class="fa fa-plus"></i>";s:3:"url";s:32:"./index.php?c=mc&a=member&do=add";}}i:2;a:4:{s:2:"id";s:2:"43";s:5:"title";s:9:"会员组";s:3:"url";s:25:"./index.php?c=mc&a=group&";s:15:"permission_name";s:8:"mc_group";}}}i:2;a:2:{s:5:"title";s:15:"会员卡管理";s:5:"items";a:4:{i:0;a:4:{s:2:"id";s:2:"47";s:5:"title";s:18:"会员卡关键字";s:3:"url";s:39:"./index.php?c=platform&a=cover&do=card&";s:15:"permission_name";s:19:"platform_cover_card";}i:1;a:4:{s:2:"id";s:2:"48";s:5:"title";s:15:"会员卡管理";s:3:"url";s:33:"./index.php?c=mc&a=card&do=manage";s:15:"permission_name";s:14:"mc_card_manage";}i:2;a:4:{s:2:"id";s:2:"49";s:5:"title";s:15:"会员卡设置";s:3:"url";s:33:"./index.php?c=mc&a=card&do=editor";s:15:"permission_name";s:14:"mc_card_editor";}i:3;a:4:{s:2:"id";s:2:"50";s:5:"title";s:21:"会员卡其他功能";s:3:"url";s:32:"./index.php?c=mc&a=card&do=other";s:15:"permission_name";s:13:"mc_card_other";}}}i:3;a:2:{s:5:"title";s:12:"积分兑换";s:5:"items";a:5:{i:0;a:4:{s:2:"id";s:2:"52";s:5:"title";s:9:"折扣券";s:3:"url";s:32:"./index.php?c=activity&a=coupon&";s:15:"permission_name";s:23:"activity_coupon_display";}i:1;a:4:{s:2:"id";s:2:"53";s:5:"title";s:15:"折扣券核销";s:3:"url";s:50:"./index.php?c=activity&a=consume&do=display&type=1";s:15:"permission_name";s:23:"activity_consume_coupon";}i:2;a:4:{s:2:"id";s:2:"54";s:5:"title";s:9:"代金券";s:3:"url";s:30:"./index.php?c=activity&a=token";s:15:"permission_name";s:22:"activity_token_display";}i:3;a:4:{s:2:"id";s:2:"55";s:5:"title";s:15:"代金券核销";s:3:"url";s:50:"./index.php?c=activity&a=consume&do=display&type=2";s:15:"permission_name";s:22:"activity_consume_token";}i:4;a:4:{s:2:"id";s:2:"56";s:5:"title";s:12:"真实物品";s:3:"url";s:30:"./index.php?c=activity&a=goods";s:15:"permission_name";s:22:"activity_goods_display";}}}i:4;a:2:{s:5:"title";s:19:"微信素材&群发";s:5:"items";a:2:{i:0;a:4:{s:2:"id";s:2:"58";s:5:"title";s:12:"微信素材";s:3:"url";s:32:"./index.php?c=material&a=display";s:15:"permission_name";s:16:"material_display";}i:1;a:4:{s:2:"id";s:2:"59";s:5:"title";s:12:"微信群发";s:3:"url";s:29:"./index.php?c=material&a=mass";s:15:"permission_name";s:13:"material_mass";}}}i:5;a:2:{s:5:"title";s:18:"微信卡券管理";s:5:"items";a:2:{i:0;a:4:{s:2:"id";s:2:"61";s:5:"title";s:12:"卡券列表";s:3:"url";s:35:"./index.php?c=wechat&a=card&do=list";s:15:"permission_name";s:16:"wechat_card_list";}i:1;a:4:{s:2:"id";s:2:"62";s:5:"title";s:15:"测试白名单";s:3:"url";s:36:"./index.php?c=wechat&a=white&do=list";s:15:"permission_name";s:17:"wechat_white_list";}}}i:6;a:2:{s:5:"title";s:12:"门店管理";s:5:"items";a:2:{i:0;a:4:{s:2:"id";s:2:"64";s:5:"title";s:12:"门店列表";s:3:"url";s:30:"./index.php?c=activity&a=store";s:15:"permission_name";s:19:"activity_store_list";}i:1;a:4:{s:2:"id";s:2:"65";s:5:"title";s:12:"店员列表";s:3:"url";s:30:"./index.php?c=activity&a=clerk";s:15:"permission_name";s:19:"activity_clerk_list";}}}i:7;a:2:{s:5:"title";s:12:"统计中心";s:5:"items";a:4:{i:0;a:4:{s:2:"id";s:2:"69";s:5:"title";s:18:"会员积分统计";s:3:"url";s:28:"./index.php?c=stat&a=credit1";s:15:"permission_name";s:12:"stat_credit1";}i:1;a:4:{s:2:"id";s:2:"70";s:5:"title";s:18:"会员余额统计";s:3:"url";s:28:"./index.php?c=stat&a=credit2";s:15:"permission_name";s:12:"stat_credit2";}i:2;a:4:{s:2:"id";s:2:"71";s:5:"title";s:24:"会员现金消费统计";s:3:"url";s:25:"./index.php?c=stat&a=cash";s:15:"permission_name";s:9:"stat_cash";}i:3;a:4:{s:2:"id";s:2:"72";s:5:"title";s:15:"会员卡统计";s:3:"url";s:25:"./index.php?c=stat&a=card";s:15:"permission_name";s:9:"stat_card";}}}}s:7:"setting";a:3:{i:0;a:2:{s:5:"title";s:15:"公众号选项";s:5:"items";a:5:{i:0;a:4:{s:2:"id";s:2:"75";s:5:"title";s:12:"支付参数";s:3:"url";s:32:"./index.php?c=profile&a=payment&";s:15:"permission_name";s:15:"profile_payment";}i:1;a:4:{s:2:"id";s:2:"76";s:5:"title";s:19:"借用 oAuth 权限";s:3:"url";s:37:"./index.php?c=mc&a=passport&do=oauth&";s:15:"permission_name";s:17:"mc_passport_oauth";}i:2;a:4:{s:2:"id";s:2:"77";s:5:"title";s:22:"借用 JS 分享权限";s:3:"url";s:31:"./index.php?c=profile&a=jsauth&";s:15:"permission_name";s:14:"profile_jsauth";}i:3;a:4:{s:2:"id";s:2:"78";s:5:"title";s:18:"会员字段管理";s:3:"url";s:25:"./index.php?c=mc&a=fields";s:15:"permission_name";s:9:"mc_fields";}i:4;a:4:{s:2:"id";s:2:"79";s:5:"title";s:18:"微信通知设置";s:3:"url";s:28:"./index.php?c=mc&a=tplnotice";s:15:"permission_name";s:12:"mc_tplnotice";}}}i:1;a:2:{s:5:"title";s:21:"会员及粉丝选项";s:5:"items";a:5:{i:0;a:4:{s:2:"id";s:2:"81";s:5:"title";s:12:"积分设置";s:3:"url";s:26:"./index.php?c=mc&a=credit&";s:15:"permission_name";s:9:"mc_credit";}i:1;a:4:{s:2:"id";s:2:"82";s:5:"title";s:12:"注册设置";s:3:"url";s:40:"./index.php?c=mc&a=passport&do=passport&";s:15:"permission_name";s:20:"mc_passport_passport";}i:2;a:4:{s:2:"id";s:2:"83";s:5:"title";s:18:"粉丝同步设置";s:3:"url";s:36:"./index.php?c=mc&a=passport&do=sync&";s:15:"permission_name";s:16:"mc_passport_sync";}i:3;a:4:{s:2:"id";s:2:"84";s:5:"title";s:14:"UC站点整合";s:3:"url";s:22:"./index.php?c=mc&a=uc&";s:15:"permission_name";s:5:"mc_uc";}i:4;a:4:{s:2:"id";s:2:"85";s:5:"title";s:18:"邮件通知参数";s:3:"url";s:30:"./index.php?c=profile&a=notify";s:15:"permission_name";s:14:"profile_notify";}}}i:2;a:1:{s:5:"title";s:18:"其他功能选项";}}s:3:"ext";a:1:{i:0;a:2:{s:5:"title";s:6:"管理";s:5:"items";a:1:{i:0;a:4:{s:2:"id";s:2:"89";s:5:"title";s:18:"扩展功能管理";s:3:"url";s:31:"./index.php?c=profile&a=module&";s:15:"permission_name";s:14:"profile_module";}}}}}'),
('usersfields', 'a:52:{i:0;s:3:"uid";i:1;s:7:"uniacid";i:2;s:6:"mobile";i:3;s:5:"email";i:4;s:8:"password";i:5;s:4:"salt";i:6;s:7:"groupid";i:7;s:7:"credit1";i:8;s:7:"credit2";i:9;s:7:"credit3";i:10;s:7:"credit4";i:11;s:7:"credit5";i:12;s:7:"credit6";i:13;s:10:"createtime";i:14;s:8:"realname";i:15;s:8:"nickname";i:16;s:6:"avatar";i:17;s:2:"qq";i:18;s:3:"vip";i:19;s:6:"gender";i:20;s:9:"birthyear";i:21;s:10:"birthmonth";i:22;s:8:"birthday";i:23;s:13:"constellation";i:24;s:6:"zodiac";i:25;s:9:"telephone";i:26;s:6:"idcard";i:27;s:9:"studentid";i:28;s:5:"grade";i:29;s:7:"address";i:30;s:7:"zipcode";i:31;s:11:"nationality";i:32;s:14:"resideprovince";i:33;s:10:"residecity";i:34;s:10:"residedist";i:35;s:14:"graduateschool";i:36;s:7:"company";i:37;s:9:"education";i:38;s:10:"occupation";i:39;s:8:"position";i:40;s:7:"revenue";i:41;s:15:"affectivestatus";i:42;s:10:"lookingfor";i:43;s:9:"bloodtype";i:44;s:6:"height";i:45;s:6:"weight";i:46;s:6:"alipay";i:47;s:3:"msn";i:48;s:6:"taobao";i:49;s:4:"site";i:50;s:3:"bio";i:51;s:8:"interest";}'),
('module_receive_enable', 'a:0:{}'),
('upgrade', 'a:2:{s:7:"upgrade";b:0;s:10:"lastupdate";i:1454517711;}'),
('checkupgrade:system', 'a:1:{s:10:"lastupdate";i:1459182021;}'),
('unisetting:1', 'a:20:{s:7:"uniacid";s:1:"1";s:8:"passport";a:3:{s:8:"focusreg";i:0;s:4:"item";s:5:"email";s:4:"type";s:8:"password";}s:5:"oauth";a:2:{s:6:"status";s:1:"0";s:7:"account";s:1:"0";}s:11:"jsauth_acid";s:1:"0";s:2:"uc";a:1:{s:6:"status";i:0;}s:6:"notify";a:1:{s:3:"sms";a:2:{s:7:"balance";i:0;s:9:"signature";s:0:"";}}s:11:"creditnames";a:5:{s:7:"credit1";a:2:{s:5:"title";s:6:"积分";s:7:"enabled";i:1;}s:7:"credit2";a:2:{s:5:"title";s:6:"余额";s:7:"enabled";i:1;}s:7:"credit3";a:2:{s:5:"title";s:0:"";s:7:"enabled";i:0;}s:7:"credit4";a:2:{s:5:"title";s:0:"";s:7:"enabled";i:0;}s:7:"credit5";a:2:{s:5:"title";s:0:"";s:7:"enabled";i:0;}}s:15:"creditbehaviors";a:2:{s:8:"activity";s:7:"credit1";s:8:"currency";s:7:"credit2";}s:7:"welcome";s:0:"";s:7:"default";s:0:"";s:15:"default_message";s:0:"";s:9:"shortcuts";s:0:"";s:7:"payment";a:1:{s:6:"yunpay";a:4:{s:6:"switch";b:1;s:7:"account";s:4:"1111";s:7:"partner";s:4:"2211";s:6:"secret";s:4:"3311";}}s:4:"stat";s:0:"";s:7:"menuset";s:0:"";s:12:"default_site";s:1:"1";s:4:"sync";s:0:"";s:8:"recharge";s:0:"";s:9:"tplnotice";s:0:"";s:10:"grouplevel";s:1:"0";}'),
('uniaccount:1', 'a:28:{s:4:"acid";s:1:"1";s:7:"uniacid";s:1:"1";s:5:"token";s:32:"omJNpZEhZeHj1ZxFECKkP48B5VFbk1HP";s:12:"access_token";s:0:"";s:14:"encodingaeskey";s:0:"";s:5:"level";s:1:"1";s:4:"name";s:7:"we7team";s:7:"account";s:0:"";s:8:"original";s:0:"";s:9:"signature";s:0:"";s:7:"country";s:0:"";s:8:"province";s:0:"";s:4:"city";s:0:"";s:8:"username";s:0:"";s:8:"password";s:0:"";s:10:"lastupdate";s:1:"0";s:3:"key";s:0:"";s:6:"secret";s:0:"";s:7:"styleid";s:1:"1";s:12:"subscribeurl";s:0:"";s:18:"auth_refresh_token";s:0:"";s:12:"default_acid";s:1:"1";s:4:"type";s:1:"1";s:3:"uid";N;s:9:"starttime";N;s:7:"endtime";N;s:6:"groups";a:1:{i:1;a:6:{s:7:"groupid";s:1:"1";s:7:"uniacid";s:1:"1";s:5:"title";s:15:"默认会员组";s:6:"credit";s:1:"0";s:9:"orderlist";s:1:"0";s:9:"isdefault";s:1:"1";}}s:10:"grouplevel";s:1:"0";}'),
('unimodules:1:', 'a:12:{s:5:"basic";a:18:{s:3:"mid";s:1:"1";s:4:"name";s:5:"basic";s:4:"type";s:6:"system";s:5:"title";s:18:"基本文字回复";s:7:"version";s:3:"1.0";s:7:"ability";s:24:"和您进行简单对话";s:6:"author";s:13:"WeEngine Team";s:3:"url";s:18:"http://www.we7.cc/";s:8:"settings";s:1:"0";s:10:"subscribes";s:0:"";s:7:"handles";s:0:"";s:12:"isrulefields";s:1:"1";s:8:"issystem";s:1:"1";s:6:"target";s:1:"0";s:6:"iscard";s:1:"0";s:11:"permissions";s:0:"";s:7:"enabled";i:1;s:6:"config";a:0:{}}s:4:"news";a:18:{s:3:"mid";s:1:"2";s:4:"name";s:4:"news";s:4:"type";s:6:"system";s:5:"title";s:24:"基本混合图文回复";s:7:"version";s:3:"1.0";s:7:"ability";s:33:"为你提供生动的图文资讯";s:6:"author";s:13:"WeEngine Team";s:3:"url";s:18:"http://www.we7.cc/";s:8:"settings";s:1:"0";s:10:"subscribes";s:0:"";s:7:"handles";s:0:"";s:12:"isrulefields";s:1:"1";s:8:"issystem";s:1:"1";s:6:"target";s:1:"0";s:6:"iscard";s:1:"0";s:11:"permissions";s:0:"";s:7:"enabled";i:1;s:6:"config";a:0:{}}s:5:"music";a:18:{s:3:"mid";s:1:"3";s:4:"name";s:5:"music";s:4:"type";s:6:"system";s:5:"title";s:18:"基本音乐回复";s:7:"version";s:3:"1.0";s:7:"ability";s:39:"提供语音、音乐等音频类回复";s:6:"author";s:13:"WeEngine Team";s:3:"url";s:18:"http://www.we7.cc/";s:8:"settings";s:1:"0";s:10:"subscribes";s:0:"";s:7:"handles";s:0:"";s:12:"isrulefields";s:1:"1";s:8:"issystem";s:1:"1";s:6:"target";s:1:"0";s:6:"iscard";s:1:"0";s:11:"permissions";s:0:"";s:7:"enabled";i:1;s:6:"config";a:0:{}}s:7:"userapi";a:18:{s:3:"mid";s:1:"4";s:4:"name";s:7:"userapi";s:4:"type";s:6:"system";s:5:"title";s:21:"自定义接口回复";s:7:"version";s:3:"1.1";s:7:"ability";s:33:"更方便的第三方接口设置";s:6:"author";s:13:"WeEngine Team";s:3:"url";s:18:"http://www.we7.cc/";s:8:"settings";s:1:"0";s:10:"subscribes";s:0:"";s:7:"handles";s:0:"";s:12:"isrulefields";s:1:"1";s:8:"issystem";s:1:"1";s:6:"target";s:1:"0";s:6:"iscard";s:1:"0";s:11:"permissions";s:0:"";s:7:"enabled";i:1;s:6:"config";a:0:{}}s:8:"recharge";a:18:{s:3:"mid";s:1:"5";s:4:"name";s:8:"recharge";s:4:"type";s:6:"system";s:5:"title";s:24:"会员中心充值模块";s:7:"version";s:3:"1.0";s:7:"ability";s:24:"提供会员充值功能";s:6:"author";s:13:"WeEngine Team";s:3:"url";s:18:"http://www.we7.cc/";s:8:"settings";s:1:"0";s:10:"subscribes";s:0:"";s:7:"handles";s:0:"";s:12:"isrulefields";s:1:"0";s:8:"issystem";s:1:"1";s:6:"target";s:1:"0";s:6:"iscard";s:1:"0";s:11:"permissions";s:0:"";s:7:"enabled";i:1;s:6:"config";a:0:{}}s:6:"custom";a:18:{s:3:"mid";s:1:"6";s:4:"name";s:6:"custom";s:4:"type";s:6:"system";s:5:"title";s:15:"多客服转接";s:7:"version";s:5:"1.0.0";s:7:"ability";s:36:"用来接入腾讯的多客服系统";s:6:"author";s:13:"WeEngine Team";s:3:"url";s:17:"http://bbs.we7.cc";s:8:"settings";s:1:"0";s:10:"subscribes";a:0:{}s:7:"handles";a:6:{i:0;s:5:"image";i:1;s:5:"voice";i:2;s:5:"video";i:3;s:8:"location";i:4;s:4:"link";i:5;s:4:"text";}s:12:"isrulefields";s:1:"1";s:8:"issystem";s:1:"1";s:6:"target";s:1:"0";s:6:"iscard";s:1:"0";s:11:"permissions";s:0:"";s:7:"enabled";i:1;s:6:"config";a:0:{}}s:6:"images";a:18:{s:3:"mid";s:1:"7";s:4:"name";s:6:"images";s:4:"type";s:6:"system";s:5:"title";s:18:"基本图片回复";s:7:"version";s:3:"1.0";s:7:"ability";s:18:"提供图片回复";s:6:"author";s:13:"WeEngine Team";s:3:"url";s:18:"http://www.we7.cc/";s:8:"settings";s:1:"0";s:10:"subscribes";s:0:"";s:7:"handles";s:0:"";s:12:"isrulefields";s:1:"1";s:8:"issystem";s:1:"1";s:6:"target";s:1:"0";s:6:"iscard";s:1:"0";s:11:"permissions";s:0:"";s:7:"enabled";i:1;s:6:"config";a:0:{}}s:5:"video";a:18:{s:3:"mid";s:1:"8";s:4:"name";s:5:"video";s:4:"type";s:6:"system";s:5:"title";s:18:"基本视频回复";s:7:"version";s:3:"1.0";s:7:"ability";s:18:"提供图片回复";s:6:"author";s:13:"WeEngine Team";s:3:"url";s:18:"http://www.we7.cc/";s:8:"settings";s:1:"0";s:10:"subscribes";s:0:"";s:7:"handles";s:0:"";s:12:"isrulefields";s:1:"1";s:8:"issystem";s:1:"1";s:6:"target";s:1:"0";s:6:"iscard";s:1:"0";s:11:"permissions";s:0:"";s:7:"enabled";i:1;s:6:"config";a:0:{}}s:5:"voice";a:18:{s:3:"mid";s:1:"9";s:4:"name";s:5:"voice";s:4:"type";s:6:"system";s:5:"title";s:18:"基本语音回复";s:7:"version";s:3:"1.0";s:7:"ability";s:18:"提供语音回复";s:6:"author";s:13:"WeEngine Team";s:3:"url";s:18:"http://www.we7.cc/";s:8:"settings";s:1:"0";s:10:"subscribes";s:0:"";s:7:"handles";s:0:"";s:12:"isrulefields";s:1:"1";s:8:"issystem";s:1:"1";s:6:"target";s:1:"0";s:6:"iscard";s:1:"0";s:11:"permissions";s:0:"";s:7:"enabled";i:1;s:6:"config";a:0:{}}s:5:"chats";a:18:{s:3:"mid";s:2:"10";s:4:"name";s:5:"chats";s:4:"type";s:6:"system";s:5:"title";s:18:"发送客服消息";s:7:"version";s:3:"1.0";s:7:"ability";s:77:"公众号可以在粉丝最后发送消息的48小时内无限制发送消息";s:6:"author";s:13:"WeEngine Team";s:3:"url";s:18:"http://www.we7.cc/";s:8:"settings";s:1:"0";s:10:"subscribes";s:0:"";s:7:"handles";s:0:"";s:12:"isrulefields";s:1:"0";s:8:"issystem";s:1:"1";s:6:"target";s:1:"0";s:6:"iscard";s:1:"0";s:11:"permissions";s:0:"";s:7:"enabled";i:1;s:6:"config";a:0:{}}s:6:"wxcard";a:18:{s:3:"mid";s:2:"11";s:4:"name";s:6:"wxcard";s:4:"type";s:6:"system";s:5:"title";s:18:"微信卡券回复";s:7:"version";s:3:"1.0";s:7:"ability";s:18:"微信卡券回复";s:6:"author";s:13:"WeEngine Team";s:3:"url";s:18:"http://www.we7.cc/";s:8:"settings";s:1:"0";s:10:"subscribes";s:0:"";s:7:"handles";s:0:"";s:12:"isrulefields";s:1:"0";s:8:"issystem";s:1:"1";s:6:"target";s:1:"0";s:6:"iscard";s:1:"0";s:11:"permissions";s:0:"";s:7:"enabled";i:1;s:6:"config";a:0:{}}s:5:"sz_yi";a:18:{s:3:"mid";s:2:"14";s:4:"name";s:5:"sz_yi";s:4:"type";s:3:"biz";s:5:"title";s:9:"易商城";s:7:"version";s:3:"1.1";s:7:"ability";s:9:"易商城";s:6:"author";s:8:"RainYang";s:3:"url";s:18:"http://bbs.we7.cc/";s:8:"settings";s:1:"1";s:10:"subscribes";a:0:{}s:7:"handles";a:1:{i:0;s:4:"text";}s:12:"isrulefields";s:1:"0";s:8:"issystem";s:1:"0";s:6:"target";s:1:"0";s:6:"iscard";s:1:"0";s:11:"permissions";s:6:"a:0:{}";s:7:"enabled";s:1:"1";s:6:"config";a:0:{}}}'),
('unimodules:1:1', 'a:12:{s:5:"basic";a:18:{s:3:"mid";s:1:"1";s:4:"name";s:5:"basic";s:4:"type";s:6:"system";s:5:"title";s:18:"基本文字回复";s:7:"version";s:3:"1.0";s:7:"ability";s:24:"和您进行简单对话";s:6:"author";s:13:"WeEngine Team";s:3:"url";s:18:"http://www.we7.cc/";s:8:"settings";s:1:"0";s:10:"subscribes";s:0:"";s:7:"handles";s:0:"";s:12:"isrulefields";s:1:"1";s:8:"issystem";s:1:"1";s:6:"target";s:1:"0";s:6:"iscard";s:1:"0";s:11:"permissions";s:0:"";s:7:"enabled";i:1;s:6:"config";a:0:{}}s:4:"news";a:18:{s:3:"mid";s:1:"2";s:4:"name";s:4:"news";s:4:"type";s:6:"system";s:5:"title";s:24:"基本混合图文回复";s:7:"version";s:3:"1.0";s:7:"ability";s:33:"为你提供生动的图文资讯";s:6:"author";s:13:"WeEngine Team";s:3:"url";s:18:"http://www.we7.cc/";s:8:"settings";s:1:"0";s:10:"subscribes";s:0:"";s:7:"handles";s:0:"";s:12:"isrulefields";s:1:"1";s:8:"issystem";s:1:"1";s:6:"target";s:1:"0";s:6:"iscard";s:1:"0";s:11:"permissions";s:0:"";s:7:"enabled";i:1;s:6:"config";a:0:{}}s:5:"music";a:18:{s:3:"mid";s:1:"3";s:4:"name";s:5:"music";s:4:"type";s:6:"system";s:5:"title";s:18:"基本音乐回复";s:7:"version";s:3:"1.0";s:7:"ability";s:39:"提供语音、音乐等音频类回复";s:6:"author";s:13:"WeEngine Team";s:3:"url";s:18:"http://www.we7.cc/";s:8:"settings";s:1:"0";s:10:"subscribes";s:0:"";s:7:"handles";s:0:"";s:12:"isrulefields";s:1:"1";s:8:"issystem";s:1:"1";s:6:"target";s:1:"0";s:6:"iscard";s:1:"0";s:11:"permissions";s:0:"";s:7:"enabled";i:1;s:6:"config";a:0:{}}s:7:"userapi";a:18:{s:3:"mid";s:1:"4";s:4:"name";s:7:"userapi";s:4:"type";s:6:"system";s:5:"title";s:21:"自定义接口回复";s:7:"version";s:3:"1.1";s:7:"ability";s:33:"更方便的第三方接口设置";s:6:"author";s:13:"WeEngine Team";s:3:"url";s:18:"http://www.we7.cc/";s:8:"settings";s:1:"0";s:10:"subscribes";s:0:"";s:7:"handles";s:0:"";s:12:"isrulefields";s:1:"1";s:8:"issystem";s:1:"1";s:6:"target";s:1:"0";s:6:"iscard";s:1:"0";s:11:"permissions";s:0:"";s:7:"enabled";i:1;s:6:"config";a:0:{}}s:8:"recharge";a:18:{s:3:"mid";s:1:"5";s:4:"name";s:8:"recharge";s:4:"type";s:6:"system";s:5:"title";s:24:"会员中心充值模块";s:7:"version";s:3:"1.0";s:7:"ability";s:24:"提供会员充值功能";s:6:"author";s:13:"WeEngine Team";s:3:"url";s:18:"http://www.we7.cc/";s:8:"settings";s:1:"0";s:10:"subscribes";s:0:"";s:7:"handles";s:0:"";s:12:"isrulefields";s:1:"0";s:8:"issystem";s:1:"1";s:6:"target";s:1:"0";s:6:"iscard";s:1:"0";s:11:"permissions";s:0:"";s:7:"enabled";i:1;s:6:"config";a:0:{}}s:6:"custom";a:18:{s:3:"mid";s:1:"6";s:4:"name";s:6:"custom";s:4:"type";s:6:"system";s:5:"title";s:15:"多客服转接";s:7:"version";s:5:"1.0.0";s:7:"ability";s:36:"用来接入腾讯的多客服系统";s:6:"author";s:13:"WeEngine Team";s:3:"url";s:17:"http://bbs.we7.cc";s:8:"settings";s:1:"0";s:10:"subscribes";a:0:{}s:7:"handles";a:6:{i:0;s:5:"image";i:1;s:5:"voice";i:2;s:5:"video";i:3;s:8:"location";i:4;s:4:"link";i:5;s:4:"text";}s:12:"isrulefields";s:1:"1";s:8:"issystem";s:1:"1";s:6:"target";s:1:"0";s:6:"iscard";s:1:"0";s:11:"permissions";s:0:"";s:7:"enabled";i:1;s:6:"config";a:0:{}}s:6:"images";a:18:{s:3:"mid";s:1:"7";s:4:"name";s:6:"images";s:4:"type";s:6:"system";s:5:"title";s:18:"基本图片回复";s:7:"version";s:3:"1.0";s:7:"ability";s:18:"提供图片回复";s:6:"author";s:13:"WeEngine Team";s:3:"url";s:18:"http://www.we7.cc/";s:8:"settings";s:1:"0";s:10:"subscribes";s:0:"";s:7:"handles";s:0:"";s:12:"isrulefields";s:1:"1";s:8:"issystem";s:1:"1";s:6:"target";s:1:"0";s:6:"iscard";s:1:"0";s:11:"permissions";s:0:"";s:7:"enabled";i:1;s:6:"config";a:0:{}}s:5:"video";a:18:{s:3:"mid";s:1:"8";s:4:"name";s:5:"video";s:4:"type";s:6:"system";s:5:"title";s:18:"基本视频回复";s:7:"version";s:3:"1.0";s:7:"ability";s:18:"提供图片回复";s:6:"author";s:13:"WeEngine Team";s:3:"url";s:18:"http://www.we7.cc/";s:8:"settings";s:1:"0";s:10:"subscribes";s:0:"";s:7:"handles";s:0:"";s:12:"isrulefields";s:1:"1";s:8:"issystem";s:1:"1";s:6:"target";s:1:"0";s:6:"iscard";s:1:"0";s:11:"permissions";s:0:"";s:7:"enabled";i:1;s:6:"config";a:0:{}}s:5:"voice";a:18:{s:3:"mid";s:1:"9";s:4:"name";s:5:"voice";s:4:"type";s:6:"system";s:5:"title";s:18:"基本语音回复";s:7:"version";s:3:"1.0";s:7:"ability";s:18:"提供语音回复";s:6:"author";s:13:"WeEngine Team";s:3:"url";s:18:"http://www.we7.cc/";s:8:"settings";s:1:"0";s:10:"subscribes";s:0:"";s:7:"handles";s:0:"";s:12:"isrulefields";s:1:"1";s:8:"issystem";s:1:"1";s:6:"target";s:1:"0";s:6:"iscard";s:1:"0";s:11:"permissions";s:0:"";s:7:"enabled";i:1;s:6:"config";a:0:{}}s:5:"chats";a:18:{s:3:"mid";s:2:"10";s:4:"name";s:5:"chats";s:4:"type";s:6:"system";s:5:"title";s:18:"发送客服消息";s:7:"version";s:3:"1.0";s:7:"ability";s:77:"公众号可以在粉丝最后发送消息的48小时内无限制发送消息";s:6:"author";s:13:"WeEngine Team";s:3:"url";s:18:"http://www.we7.cc/";s:8:"settings";s:1:"0";s:10:"subscribes";s:0:"";s:7:"handles";s:0:"";s:12:"isrulefields";s:1:"0";s:8:"issystem";s:1:"1";s:6:"target";s:1:"0";s:6:"iscard";s:1:"0";s:11:"permissions";s:0:"";s:7:"enabled";i:1;s:6:"config";a:0:{}}s:6:"wxcard";a:18:{s:3:"mid";s:2:"11";s:4:"name";s:6:"wxcard";s:4:"type";s:6:"system";s:5:"title";s:18:"微信卡券回复";s:7:"version";s:3:"1.0";s:7:"ability";s:18:"微信卡券回复";s:6:"author";s:13:"WeEngine Team";s:3:"url";s:18:"http://www.we7.cc/";s:8:"settings";s:1:"0";s:10:"subscribes";s:0:"";s:7:"handles";s:0:"";s:12:"isrulefields";s:1:"0";s:8:"issystem";s:1:"1";s:6:"target";s:1:"0";s:6:"iscard";s:1:"0";s:11:"permissions";s:0:"";s:7:"enabled";i:1;s:6:"config";a:0:{}}s:5:"sz_yi";a:18:{s:3:"mid";s:2:"14";s:4:"name";s:5:"sz_yi";s:4:"type";s:3:"biz";s:5:"title";s:9:"易商城";s:7:"version";s:3:"1.1";s:7:"ability";s:9:"易商城";s:6:"author";s:8:"RainYang";s:3:"url";s:18:"http://bbs.we7.cc/";s:8:"settings";s:1:"1";s:10:"subscribes";a:0:{}s:7:"handles";a:1:{i:0;s:4:"text";}s:12:"isrulefields";s:1:"0";s:8:"issystem";s:1:"0";s:6:"target";s:1:"0";s:6:"iscard";s:1:"0";s:11:"permissions";s:6:"a:0:{}";s:7:"enabled";s:1:"1";s:6:"config";a:0:{}}}'),
('stat:todaylock:1', 'a:1:{s:6:"expire";i:1459267199;}'),
('unicount:1', 's:1:"1";'),
('uniaccount:0', 'a:6:{s:4:"type";b:0;s:3:"uid";N;s:9:"starttime";N;s:7:"endtime";N;s:6:"groups";a:0:{}s:10:"grouplevel";b:0;}'),
('unisetting:0', 'b:0;'),
('unicount:0', 's:1:"0";');

-- --------------------------------------------------------

--
-- 表的结构 `ims_core_cron`
--

CREATE TABLE IF NOT EXISTS `ims_core_cron` (
  `id` int(10) unsigned NOT NULL AUTO_INCREMENT,
  `cloudid` int(10) unsigned NOT NULL,
  `module` varchar(50) NOT NULL,
  `uniacid` int(10) unsigned NOT NULL,
  `type` tinyint(3) unsigned NOT NULL,
  `name` varchar(50) NOT NULL,
  `filename` varchar(50) NOT NULL,
  `lastruntime` int(10) unsigned NOT NULL,
  `nextruntime` int(10) unsigned NOT NULL,
  `weekday` tinyint(3) NOT NULL,
  `day` tinyint(3) NOT NULL,
  `hour` tinyint(3) NOT NULL,
  `minute` varchar(255) NOT NULL,
  `extra` varchar(5000) NOT NULL,
  `status` tinyint(3) unsigned NOT NULL,
  `createtime` int(10) unsigned NOT NULL,
  PRIMARY KEY (`id`),
  KEY `createtime` (`createtime`),
  KEY `nextruntime` (`nextruntime`),
  KEY `uniacid` (`uniacid`),
  KEY `cloudid` (`cloudid`)
) ENGINE=MyISAM DEFAULT CHARSET=utf8 AUTO_INCREMENT=1 ;

-- --------------------------------------------------------

--
-- 表的结构 `ims_core_cron_record`
--

CREATE TABLE IF NOT EXISTS `ims_core_cron_record` (
  `id` int(10) unsigned NOT NULL AUTO_INCREMENT,
  `uniacid` int(10) unsigned NOT NULL,
  `module` varchar(50) NOT NULL,
  `type` varchar(50) NOT NULL,
  `tid` int(10) unsigned NOT NULL,
  `note` varchar(500) NOT NULL,
  `tag` varchar(5000) NOT NULL,
  `createtime` int(10) unsigned NOT NULL,
  PRIMARY KEY (`id`),
  KEY `uniacid` (`uniacid`),
  KEY `tid` (`tid`),
  KEY `module` (`module`)
) ENGINE=MyISAM DEFAULT CHARSET=utf8 AUTO_INCREMENT=1 ;

-- --------------------------------------------------------

--
-- 表的结构 `ims_core_menu`
--

CREATE TABLE IF NOT EXISTS `ims_core_menu` (
  `id` int(10) unsigned NOT NULL AUTO_INCREMENT,
  `pid` int(10) unsigned NOT NULL,
  `title` varchar(20) NOT NULL,
  `name` varchar(20) NOT NULL,
  `url` varchar(60) NOT NULL,
  `append_title` varchar(30) NOT NULL,
  `append_url` varchar(60) NOT NULL,
  `displayorder` tinyint(3) unsigned NOT NULL,
  `type` varchar(15) NOT NULL,
  `is_display` tinyint(3) unsigned NOT NULL,
  `is_system` tinyint(3) unsigned NOT NULL,
  `permission_name` varchar(50) NOT NULL,
  PRIMARY KEY (`id`)
) ENGINE=MyISAM  DEFAULT CHARSET=utf8 AUTO_INCREMENT=90 ;

--
-- 转存表中的数据 `ims_core_menu`
--

INSERT INTO `ims_core_menu` (`id`, `pid`, `title`, `name`, `url`, `append_title`, `append_url`, `displayorder`, `type`, `is_display`, `is_system`, `permission_name`) VALUES
(1, 0, '基础设置', 'platform', '', 'fa fa-cog', '', 0, 'url', 1, 1, ''),
(2, 1, '基本功能', 'platform', '', '', '', 0, 'url', 1, 1, ''),
(3, 2, '文字回复', 'platform', './index.php?c=platform&a=reply&m=basic', 'fa fa-plus', './index.php?c=platform&a=reply&do=post&m=basic', 0, 'url', 1, 1, 'platform_reply_basic'),
(4, 2, '图文回复', 'platform', './index.php?c=platform&a=reply&m=news', 'fa fa-plus', './index.php?c=platform&a=reply&do=post&m=news', 0, 'url', 1, 1, 'platform_reply_news'),
(5, 2, '音乐回复', 'platform', './index.php?c=platform&a=reply&m=music', 'fa fa-plus', './index.php?c=platform&a=reply&do=post&m=music', 0, 'url', 1, 1, 'platform_reply_music'),
(6, 2, '图片回复', 'platform', './index.php?c=platform&a=reply&m=images', 'fa fa-plus', './index.php?c=platform&a=reply&do=post&m=images', 0, 'url', 1, 1, 'platform_reply_images'),
(7, 2, '语音回复', 'platform', './index.php?c=platform&a=reply&m=voice', 'fa fa-plus', './index.php?c=platform&a=reply&do=post&m=voice', 0, 'url', 1, 1, 'platform_reply_voice'),
(8, 2, '视频回复', 'platform', './index.php?c=platform&a=reply&m=video', 'fa fa-plus', './index.php?c=platform&a=reply&do=post&m=video', 0, 'url', 1, 1, 'platform_reply_video'),
(9, 2, '自定义接口回复', 'platform', './index.php?c=platform&a=reply&m=userapi', 'fa fa-plus', './index.php?c=platform&a=reply&do=post&m=userapi', 0, 'url', 1, 1, 'platform_reply_userapi'),
(10, 2, '系统回复', 'platform', './index.php?c=platform&a=special&do=display&', '', '', 0, 'url', 1, 1, 'platform_reply_system'),
(11, 1, '高级功能', 'platform', '', '', '', 0, 'url', 1, 1, ''),
(12, 11, '常用服务接入', 'platform', './index.php?c=platform&a=service&do=switch&', '', '', 0, 'url', 1, 1, 'platform_service'),
(13, 11, '自定义菜单', 'platform', './index.php?c=platform&a=menu&', '', '', 0, 'url', 1, 1, 'platform_menu'),
(14, 11, '特殊消息回复', 'platform', './index.php?c=platform&a=special&do=message&', '', '', 0, 'url', 1, 1, 'platform_special'),
(15, 11, '二维码管理', 'platform', './index.php?c=platform&a=qr&', '', '', 0, 'url', 1, 1, 'platform_qr'),
(16, 11, '多客服接入', 'platform', './index.php?c=platform&a=reply&m=custom', '', '', 0, 'url', 1, 1, 'platform_reply_custom'),
(17, 11, '长链接二维码', 'platform', './index.php?c=platform&a=url2qr&', '', '', 0, 'url', 1, 1, 'platform_url2qr'),
(18, 1, '数据统计', 'platform', '', '', '', 0, 'url', 1, 1, ''),
(19, 18, '聊天记录', 'platform', './index.php?c=platform&a=stat&do=history&', '', '', 0, 'url', 1, 1, 'platform_stat_history'),
(20, 18, '回复规则使用情况', 'platform', './index.php?c=platform&a=stat&do=rule&', '', '', 0, 'url', 1, 1, 'platform_stat_rule'),
(21, 18, '关键字命中情况', 'platform', './index.php?c=platform&a=stat&do=keyword&', '', '', 0, 'url', 1, 1, 'platform_stat_keyword'),
(22, 18, '参数', 'platform', './index.php?c=platform&a=stat&do=setting&', '', '', 0, 'url', 1, 1, 'platform_stat_setting'),
(23, 0, '微站功能', 'site', '', 'fa fa-life-bouy', '', 0, 'url', 1, 1, ''),
(24, 23, '微站管理', 'site', '', '', '', 0, 'url', 1, 1, ''),
(25, 24, '站点管理', 'site', './index.php?c=site&a=multi&do=display&', 'fa fa-plus', './index.php?c=site&a=multi&do=post&', 0, 'url', 1, 1, 'site_multi_display'),
(26, 24, '站点添加/编辑', 'site', '', '', '', 0, 'permission', 0, 1, 'site_multi_post'),
(27, 24, '站点删除', 'site', '', '', '', 0, 'permission', 0, 1, 'site_multi_del'),
(28, 24, '模板管理', 'site', './index.php?c=site&a=style&do=template&', '', '', 0, 'url', 1, 1, 'site_style_template'),
(29, 24, '模块模板扩展', 'site', './index.php?c=site&a=style&do=module&', '', '', 0, 'url', 1, 1, 'site_style_module'),
(30, 23, '特殊页面管理', 'site', '', '', '', 0, 'url', 1, 1, ''),
(31, 30, '会员中心', 'site', './index.php?c=site&a=editor&do=uc&', '', '', 0, 'url', 1, 1, 'site_editor_uc'),
(32, 30, '专题页面', 'site', './index.php?c=site&a=editor&do=page&', 'fa fa-plus', './index.php?c=site&a=editor&do=design&', 0, 'url', 1, 1, 'site_editor_page'),
(33, 23, '功能组件', 'site', '', '', '', 0, 'url', 1, 1, ''),
(34, 33, '分类设置', 'site', './index.php?c=site&a=category&', '', '', 0, 'url', 1, 1, 'site_category'),
(35, 33, '文章管理', 'site', './index.php?c=site&a=article&', '', '', 0, 'url', 1, 1, 'site_article'),
(36, 0, '粉丝营销', 'mc', '', 'fa fa-gift', '', 0, 'url', 1, 1, ''),
(37, 36, '粉丝管理', 'mc', '', '', '', 0, 'url', 1, 1, ''),
(38, 37, '粉丝分组', 'mc', './index.php?c=mc&a=fangroup&', '', '', 0, 'url', 1, 1, 'mc_fangroup'),
(39, 37, '粉丝', 'mc', './index.php?c=mc&a=fans&', '', '', 0, 'url', 1, 1, 'mc_fans'),
(40, 36, '会员中心', 'mc', '', '', '', 0, 'url', 1, 1, ''),
(41, 40, '会员中心关键字', 'mc', './index.php?c=platform&a=cover&do=mc&', '', '', 0, 'url', 1, 1, 'platform_cover_mc'),
(42, 40, '会员', 'mc', './index.php?c=mc&a=member', 'fa fa-plus', './index.php?c=mc&a=member&do=add', 0, 'url', 1, 1, 'mc_member'),
(43, 40, '会员组', 'mc', './index.php?c=mc&a=group&', '', '', 0, 'url', 1, 1, 'mc_group'),
(46, 36, '会员卡管理', 'mc', '', '', '', 0, 'url', 1, 1, ''),
(47, 46, '会员卡关键字', 'mc', './index.php?c=platform&a=cover&do=card&', '', '', 0, 'url', 1, 1, 'platform_cover_card'),
(48, 46, '会员卡管理', 'mc', './index.php?c=mc&a=card&do=manage', '', '', 0, 'url', 1, 1, 'mc_card_manage'),
(49, 46, '会员卡设置', 'mc', './index.php?c=mc&a=card&do=editor', '', '', 0, 'url', 1, 1, 'mc_card_editor'),
(50, 46, '会员卡其他功能', 'mc', './index.php?c=mc&a=card&do=other', '', '', 0, 'url', 1, 1, 'mc_card_other'),
(51, 36, '积分兑换', 'mc', '', '', '', 0, 'url', 1, 1, ''),
(52, 51, '折扣券', 'mc', './index.php?c=activity&a=coupon&', '', '', 0, 'url', 1, 1, 'activity_coupon_display'),
(53, 51, '折扣券核销', 'mc', './index.php?c=activity&a=consume&do=display&type=1', '', '', 0, 'url', 1, 1, 'activity_consume_coupon'),
(54, 51, '代金券', 'mc', './index.php?c=activity&a=token', '', '', 0, 'url', 1, 1, 'activity_token_display'),
(55, 51, '代金券核销', 'mc', './index.php?c=activity&a=consume&do=display&type=2', '', '', 0, 'url', 1, 1, 'activity_consume_token'),
(56, 51, '真实物品', 'mc', './index.php?c=activity&a=goods', '', '', 0, 'url', 1, 1, 'activity_goods_display'),
(57, 36, '微信素材&群发', 'mc', '', '', '', 0, 'url', 1, 1, ''),
(58, 57, '微信素材', 'mc', './index.php?c=material&a=display', '', '', 0, 'url', 1, 1, 'material_display'),
(59, 57, '微信群发', 'mc', './index.php?c=material&a=mass', '', '', 0, 'url', 1, 1, 'material_mass'),
(60, 36, '微信卡券管理', 'mc', '', '', '', 0, 'url', 1, 1, ''),
(61, 60, '卡券列表', 'mc', './index.php?c=wechat&a=card&do=list', '', '', 0, 'url', 1, 1, 'wechat_card_list'),
(62, 60, '测试白名单', 'mc', './index.php?c=wechat&a=white&do=list', '', '', 0, 'url', 1, 1, 'wechat_white_list'),
(63, 36, '门店管理', 'mc', '', '', '', 0, 'url', 1, 1, ''),
(64, 63, '门店列表', 'mc', './index.php?c=activity&a=store', '', '', 0, 'url', 1, 1, 'activity_store_list'),
(65, 63, '店员列表', 'mc', './index.php?c=activity&a=clerk', '', '', 0, 'url', 1, 1, 'activity_clerk_list'),
(66, 36, '微信收款', 'mc', '', '', '', 0, 'url', 0, 1, ''),
(67, 66, '刷卡支付', 'mc', './index.php?c=wxpay&a=micro&do=pay', '', '', 0, 'url', 1, 1, 'wxpay_micro_pay'),
(68, 36, '统计中心', 'mc', '', '', '', 0, 'url', 1, 1, ''),
(69, 68, '会员积分统计', 'mc', './index.php?c=stat&a=credit1', '', '', 0, 'url', 1, 1, 'stat_credit1'),
(70, 68, '会员余额统计', 'mc', './index.php?c=stat&a=credit2', '', '', 0, 'url', 1, 1, 'stat_credit2'),
(71, 68, '会员现金消费统计', 'mc', './index.php?c=stat&a=cash', '', '', 0, 'url', 1, 1, 'stat_cash'),
(72, 68, '会员卡统计', 'mc', './index.php?c=stat&a=card', '', '', 0, 'url', 1, 1, 'stat_card'),
(73, 0, '功能选项', 'setting', '', 'fa fa-umbrella', '', 0, 'url', 1, 1, ''),
(74, 73, '公众号选项', 'setting', '', '', '', 0, 'url', 1, 1, ''),
(75, 74, '支付参数', 'setting', './index.php?c=profile&a=payment&', '', '', 0, 'url', 1, 1, 'profile_payment'),
(76, 74, '借用 oAuth 权限', 'setting', './index.php?c=mc&a=passport&do=oauth&', '', '', 0, 'url', 1, 1, 'mc_passport_oauth'),
(77, 74, '借用 JS 分享权限', 'setting', './index.php?c=profile&a=jsauth&', '', '', 0, 'url', 1, 1, 'profile_jsauth'),
(78, 74, '会员字段管理', 'setting', './index.php?c=mc&a=fields', '', '', 0, 'url', 1, 1, 'mc_fields'),
(79, 74, '微信通知设置', 'setting', './index.php?c=mc&a=tplnotice', '', '', 0, 'url', 1, 1, 'mc_tplnotice'),
(80, 73, '会员及粉丝选项', 'setting', '', '', '', 0, 'url', 1, 1, ''),
(81, 80, '积分设置', 'setting', './index.php?c=mc&a=credit&', '', '', 0, 'url', 1, 1, 'mc_credit'),
(82, 80, '注册设置', 'setting', './index.php?c=mc&a=passport&do=passport&', '', '', 0, 'url', 1, 1, 'mc_passport_passport'),
(83, 80, '粉丝同步设置', 'setting', './index.php?c=mc&a=passport&do=sync&', '', '', 0, 'url', 1, 1, 'mc_passport_sync'),
(84, 80, 'UC站点整合', 'setting', './index.php?c=mc&a=uc&', '', '', 0, 'url', 1, 1, 'mc_uc'),
(85, 80, '邮件通知参数', 'setting', './index.php?c=profile&a=notify', '', '', 0, 'url', 1, 1, 'profile_notify'),
(86, 73, '其他功能选项', 'setting', '', '', '', 0, 'url', 1, 1, ''),
(87, 0, '扩展功能', 'ext', '', 'fa fa-cubes', '', 0, 'url', 1, 1, ''),
(88, 87, '管理', 'ext', '', '', '', 0, 'url', 1, 1, ''),
(89, 88, '扩展功能管理', 'ext', './index.php?c=profile&a=module&', '', '', 0, 'url', 1, 1, 'profile_module');

-- --------------------------------------------------------

--
-- 表的结构 `ims_core_paylog`
--

CREATE TABLE IF NOT EXISTS `ims_core_paylog` (
  `plid` bigint(11) unsigned NOT NULL AUTO_INCREMENT,
  `type` varchar(20) NOT NULL,
  `uniacid` int(11) NOT NULL,
  `acid` int(10) unsigned NOT NULL,
  `openid` varchar(40) NOT NULL,
  `uniontid` varchar(50) NOT NULL,
  `tid` varchar(64) NOT NULL,
  `fee` decimal(10,2) NOT NULL,
  `status` tinyint(4) NOT NULL,
  `module` varchar(50) NOT NULL,
  `tag` varchar(2000) NOT NULL,
  `is_usecard` tinyint(3) unsigned NOT NULL,
  `card_type` tinyint(3) unsigned NOT NULL,
  `card_id` varchar(50) NOT NULL,
  `card_fee` decimal(10,2) unsigned NOT NULL,
  `encrypt_code` varchar(100) NOT NULL,
  PRIMARY KEY (`plid`),
  KEY `idx_openid` (`openid`),
  KEY `idx_tid` (`tid`),
  KEY `idx_uniacid` (`uniacid`),
  KEY `uniontid` (`uniontid`)
) ENGINE=MyISAM  DEFAULT CHARSET=utf8 AUTO_INCREMENT=30 ;

--
-- 转存表中的数据 `ims_core_paylog`
--

INSERT INTO `ims_core_paylog` (`plid`, `type`, `uniacid`, `acid`, `openid`, `uniontid`, `tid`, `fee`, `status`, `module`, `tag`, `is_usecard`, `card_type`, `card_id`, `card_fee`, `encrypt_code`) VALUES
(2, '', 1, 0, '', '', 'SH201602122359486867', '5500.00', 0, 'sz_yi', '', 0, 0, '', '0.00', ''),
(3, '', 1, 0, '0', '', 'SH201602132226464400', '5500.00', 0, 'sz_yi', '', 0, 0, '', '0.00', ''),
(4, '', 1, 0, '0', '', 'SH201602140327282366', '5500.00', 0, 'sz_yi', '', 0, 0, '', '0.00', ''),
(5, '', 1, 0, '0', '', 'SH201602140415298493', '5500.00', 0, 'sz_yi', '', 0, 0, '', '0.00', ''),
(7, 'cash', 1, 0, '0', '', 'SH201602251741313583', '5500.00', 1, 'sz_yi', '', 0, 0, '', '0.00', ''),
(8, 'cash', 1, 0, '0', '', 'SH201603032158390284', '119.00', 1, 'sz_yi', '', 0, 0, '', '0.00', ''),
(27, '', 1, 0, '0', '', 'SH201603050228197690', '119.00', 0, 'sz_yi', '', 0, 0, '', '0.00', ''),
(29, '', 1, 0, '0', '', 'SH201603051110060115', '119.00', 0, 'sz_yi', '', 0, 0, '', '0.00', '');

-- --------------------------------------------------------

--
-- 表的结构 `ims_core_performance`
--

CREATE TABLE IF NOT EXISTS `ims_core_performance` (
  `id` int(10) unsigned NOT NULL AUTO_INCREMENT,
  `type` tinyint(1) NOT NULL,
  `runtime` varchar(10) NOT NULL,
  `runurl` varchar(512) NOT NULL,
  `runsql` varchar(512) NOT NULL,
  `createtime` int(10) NOT NULL,
  PRIMARY KEY (`id`)
) ENGINE=MyISAM DEFAULT CHARSET=utf8 AUTO_INCREMENT=1 ;

-- --------------------------------------------------------

--
-- 表的结构 `ims_core_queue`
--

CREATE TABLE IF NOT EXISTS `ims_core_queue` (
  `qid` bigint(20) unsigned NOT NULL AUTO_INCREMENT,
  `uniacid` int(10) unsigned NOT NULL,
  `acid` int(10) unsigned NOT NULL,
  `message` varchar(2000) NOT NULL,
  `params` varchar(1000) NOT NULL,
  `keyword` varchar(1000) NOT NULL,
  `response` varchar(2000) NOT NULL,
  `module` varchar(50) NOT NULL,
  `type` tinyint(3) unsigned NOT NULL,
  `dateline` int(10) unsigned NOT NULL,
  PRIMARY KEY (`qid`),
  KEY `uniacid` (`uniacid`,`acid`),
  KEY `module` (`module`)
) ENGINE=MyISAM DEFAULT CHARSET=utf8 AUTO_INCREMENT=1 ;

-- --------------------------------------------------------

--
-- 表的结构 `ims_core_resource`
--

CREATE TABLE IF NOT EXISTS `ims_core_resource` (
  `mid` int(11) NOT NULL AUTO_INCREMENT,
  `uniacid` int(10) unsigned NOT NULL,
  `media_id` varchar(100) NOT NULL,
  `trunk` int(10) unsigned NOT NULL,
  `type` varchar(10) NOT NULL,
  `dateline` int(10) unsigned NOT NULL,
  PRIMARY KEY (`mid`),
  KEY `acid` (`uniacid`),
  KEY `type` (`type`)
) ENGINE=MyISAM DEFAULT CHARSET=utf8 AUTO_INCREMENT=1 ;

-- --------------------------------------------------------

--
-- 表的结构 `ims_core_sendsms_log`
--

CREATE TABLE IF NOT EXISTS `ims_core_sendsms_log` (
  `id` int(10) unsigned NOT NULL AUTO_INCREMENT,
  `uniacid` int(10) unsigned NOT NULL,
  `mobile` varchar(11) NOT NULL,
  `content` varchar(255) NOT NULL,
  `result` varchar(255) NOT NULL,
  `createtime` int(11) unsigned NOT NULL,
  PRIMARY KEY (`id`)
) ENGINE=MyISAM DEFAULT CHARSET=utf8 AUTO_INCREMENT=1 ;

-- --------------------------------------------------------

--
-- 表的结构 `ims_core_sessions`
--

CREATE TABLE IF NOT EXISTS `ims_core_sessions` (
  `sid` char(32) NOT NULL,
  `uniacid` int(10) unsigned NOT NULL,
  `openid` varchar(50) NOT NULL,
  `data` varchar(5000) NOT NULL,
  `expiretime` int(10) unsigned NOT NULL,
  PRIMARY KEY (`sid`)
) ENGINE=MyISAM DEFAULT CHARSET=utf8;

-- --------------------------------------------------------

--
-- 表的结构 `ims_core_settings`
--

CREATE TABLE IF NOT EXISTS `ims_core_settings` (
  `key` varchar(200) NOT NULL,
  `value` text NOT NULL,
  PRIMARY KEY (`key`)
) ENGINE=MyISAM DEFAULT CHARSET=utf8;

--
-- 转存表中的数据 `ims_core_settings`
--

INSERT INTO `ims_core_settings` (`key`, `value`) VALUES
('copyright', 'a:1:{s:6:"slides";a:3:{i:0;s:58:"https://img.alicdn.com/tps/TB1pfG4IFXXXXc6XXXXXXXXXXXX.jpg";i:1;s:58:"https://img.alicdn.com/tps/TB1sXGYIFXXXXc5XpXXXXXXXXXX.jpg";i:2;s:58:"https://img.alicdn.com/tps/TB1h9xxIFXXXXbKXXXXXXXXXXXX.jpg";}}'),
('authmode', 'i:1;'),
('close', 'a:2:{s:6:"status";s:1:"0";s:6:"reason";s:0:"";}'),
('register', 'a:4:{s:4:"open";i:1;s:6:"verify";i:0;s:4:"code";i:1;s:7:"groupid";i:1;}'),
('site', 'a:2:{s:3:"key";s:5:"48003";s:5:"token";s:32:"011566168310b9c519d2eb5e8bdeea6e";}'),
('cloudip', 'a:2:{s:2:"ip";s:13:"27.221.23.222";s:6:"expire";i:1454718931;}'),
('platform', 'a:5:{s:5:"token";s:32:"yk7KMPvMvm6szspaSKQ6khsTv1nuWRsM";s:14:"encodingaeskey";s:43:"Vzq8OgGogSQCUs70gPyc37G4glp2rS7Gec03qs474UC";s:9:"appsecret";s:0:"";s:5:"appid";s:0:"";s:9:"authstate";i:1;}');

-- --------------------------------------------------------

--
-- 表的结构 `ims_coupon`
--

CREATE TABLE IF NOT EXISTS `ims_coupon` (
  `id` int(10) unsigned NOT NULL AUTO_INCREMENT,
  `uniacid` int(10) unsigned NOT NULL,
  `acid` int(10) unsigned NOT NULL,
  `card_id` varchar(50) NOT NULL,
  `type` varchar(15) NOT NULL,
  `logo_url` varchar(150) NOT NULL,
  `code_type` tinyint(3) unsigned NOT NULL,
  `brand_name` varchar(15) NOT NULL,
  `title` varchar(15) NOT NULL,
  `sub_title` varchar(20) NOT NULL,
  `color` varchar(15) NOT NULL,
  `notice` varchar(15) NOT NULL,
  `description` varchar(1000) NOT NULL,
  `date_info` varchar(200) NOT NULL,
  `quantity` int(10) unsigned NOT NULL,
  `location_id_list` varchar(1000) NOT NULL,
  `use_custom_code` tinyint(3) NOT NULL,
  `bind_openid` tinyint(3) unsigned NOT NULL,
  `can_share` tinyint(3) unsigned NOT NULL,
  `can_give_friend` tinyint(3) unsigned NOT NULL,
  `get_limit` tinyint(3) unsigned NOT NULL,
  `service_phone` varchar(20) NOT NULL,
  `extra` varchar(1000) NOT NULL,
  `source` varchar(20) NOT NULL,
  `url_name_type` varchar(20) NOT NULL,
  `custom_url` varchar(100) NOT NULL,
  `status` tinyint(3) unsigned NOT NULL,
  `is_display` tinyint(3) unsigned NOT NULL,
  `promotion_url_name` varchar(10) NOT NULL,
  `promotion_url` varchar(100) NOT NULL,
  `promotion_url_sub_title` varchar(10) NOT NULL,
  PRIMARY KEY (`id`),
  KEY `uniacid` (`uniacid`,`acid`)
) ENGINE=MyISAM DEFAULT CHARSET=utf8 AUTO_INCREMENT=1 ;

-- --------------------------------------------------------

--
-- 表的结构 `ims_coupon_location`
--

CREATE TABLE IF NOT EXISTS `ims_coupon_location` (
  `id` int(10) unsigned NOT NULL AUTO_INCREMENT,
  `uniacid` int(10) unsigned NOT NULL,
  `acid` int(10) unsigned NOT NULL,
  `sid` int(10) unsigned NOT NULL,
  `location_id` int(10) unsigned NOT NULL,
  `business_name` varchar(50) NOT NULL,
  `branch_name` varchar(50) NOT NULL,
  `category` varchar(255) NOT NULL,
  `province` varchar(15) NOT NULL,
  `city` varchar(15) NOT NULL,
  `district` varchar(15) NOT NULL,
  `address` varchar(50) NOT NULL,
  `longitude` varchar(15) NOT NULL,
  `latitude` varchar(15) NOT NULL,
  `telephone` varchar(20) NOT NULL,
  `photo_list` varchar(10000) NOT NULL,
  `avg_price` int(10) unsigned NOT NULL,
  `open_time` varchar(50) NOT NULL,
  `recommend` varchar(255) NOT NULL,
  `special` varchar(255) NOT NULL,
  `introduction` varchar(255) NOT NULL,
  `offset_type` tinyint(3) unsigned NOT NULL,
  `status` tinyint(3) unsigned NOT NULL,
  `message` varchar(255) NOT NULL,
  PRIMARY KEY (`id`),
  KEY `uniacid` (`uniacid`,`acid`)
) ENGINE=MyISAM DEFAULT CHARSET=utf8 AUTO_INCREMENT=1 ;

-- --------------------------------------------------------

--
-- 表的结构 `ims_coupon_modules`
--

CREATE TABLE IF NOT EXISTS `ims_coupon_modules` (
  `id` int(10) unsigned NOT NULL AUTO_INCREMENT,
  `uniacid` int(10) unsigned NOT NULL,
  `acid` int(10) unsigned NOT NULL,
  `cid` int(10) unsigned NOT NULL,
  `card_id` varchar(50) NOT NULL,
  `module` varchar(30) NOT NULL,
  PRIMARY KEY (`id`),
  KEY `cid` (`cid`),
  KEY `card_id` (`card_id`),
  KEY `uniacid` (`uniacid`,`acid`)
) ENGINE=MyISAM DEFAULT CHARSET=utf8 AUTO_INCREMENT=1 ;

-- --------------------------------------------------------

--
-- 表的结构 `ims_coupon_record`
--

CREATE TABLE IF NOT EXISTS `ims_coupon_record` (
  `id` int(10) unsigned NOT NULL AUTO_INCREMENT,
  `uniacid` int(10) unsigned NOT NULL,
  `acid` int(10) unsigned NOT NULL,
  `card_id` varchar(50) NOT NULL,
  `outer_id` int(10) unsigned NOT NULL,
  `openid` varchar(50) NOT NULL,
  `friend_openid` varchar(50) NOT NULL,
  `givebyfriend` tinyint(3) unsigned NOT NULL,
  `code` varchar(50) NOT NULL,
  `hash` varchar(32) NOT NULL,
  `addtime` int(10) unsigned NOT NULL,
  `usetime` int(10) unsigned NOT NULL,
  `status` tinyint(3) NOT NULL,
  `clerk_name` varchar(15) NOT NULL,
  `clerk_id` int(10) unsigned NOT NULL,
  `store_id` int(10) unsigned NOT NULL,
  `clerk_type` tinyint(3) unsigned NOT NULL,
  PRIMARY KEY (`id`),
  KEY `uniacid` (`uniacid`,`acid`),
  KEY `outer_id` (`outer_id`),
  KEY `card_id` (`card_id`),
  KEY `hash` (`hash`)
) ENGINE=MyISAM DEFAULT CHARSET=utf8 AUTO_INCREMENT=1 ;

-- --------------------------------------------------------

--
-- 表的结构 `ims_coupon_setting`
--

CREATE TABLE IF NOT EXISTS `ims_coupon_setting` (
  `id` int(10) unsigned NOT NULL AUTO_INCREMENT,
  `uniacid` int(10) unsigned NOT NULL,
  `acid` int(10) NOT NULL,
  `logourl` varchar(150) NOT NULL,
  `whitelist` varchar(1000) NOT NULL,
  PRIMARY KEY (`id`),
  KEY `uniacid` (`uniacid`,`acid`)
) ENGINE=MyISAM DEFAULT CHARSET=utf8 AUTO_INCREMENT=1 ;

-- --------------------------------------------------------

--
-- 表的结构 `ims_cover_reply`
--

CREATE TABLE IF NOT EXISTS `ims_cover_reply` (
  `id` int(10) unsigned NOT NULL AUTO_INCREMENT,
  `uniacid` int(10) unsigned NOT NULL,
  `multiid` int(10) unsigned NOT NULL,
  `rid` int(10) unsigned NOT NULL,
  `module` varchar(30) NOT NULL,
  `do` varchar(30) NOT NULL,
  `title` varchar(255) NOT NULL,
  `description` varchar(255) NOT NULL,
  `thumb` varchar(255) NOT NULL,
  `url` varchar(255) NOT NULL,
  PRIMARY KEY (`id`),
  KEY `rid` (`rid`)
) ENGINE=MyISAM  DEFAULT CHARSET=utf8 AUTO_INCREMENT=3 ;

--
-- 转存表中的数据 `ims_cover_reply`
--

INSERT INTO `ims_cover_reply` (`id`, `uniacid`, `multiid`, `rid`, `module`, `do`, `title`, `description`, `thumb`, `url`) VALUES
(1, 1, 0, 7, 'mc', '', '进入个人中心', '', '', './index.php?c=mc&a=home&i=1'),
(2, 1, 1, 8, 'site', '', '进入首页', '', '', './index.php?c=home&i=1&t=1');

-- --------------------------------------------------------

--
-- 表的结构 `ims_custom_reply`
--

CREATE TABLE IF NOT EXISTS `ims_custom_reply` (
  `id` int(10) unsigned NOT NULL AUTO_INCREMENT,
  `rid` int(10) unsigned NOT NULL,
  `start1` int(10) NOT NULL,
  `end1` int(10) NOT NULL,
  `start2` int(10) NOT NULL,
  `end2` int(10) NOT NULL,
  PRIMARY KEY (`id`),
  KEY `rid` (`rid`)
) ENGINE=MyISAM DEFAULT CHARSET=utf8 AUTO_INCREMENT=1 ;

-- --------------------------------------------------------

--
-- 表的结构 `ims_ewei_shop_exhelper_express`
--

CREATE TABLE IF NOT EXISTS `ims_ewei_shop_exhelper_express` (
  `id` int(11) NOT NULL AUTO_INCREMENT,
  `uniacid` int(11) DEFAULT '0',
  `type` int(1) NOT NULL DEFAULT '1' COMMENT '单据分类 1为快递单 2为发货单',
  `expressname` varchar(255) DEFAULT '',
  `expresscom` varchar(255) NOT NULL DEFAULT '',
  `express` varchar(255) NOT NULL DEFAULT '',
  `width` decimal(10,2) DEFAULT '0.00',
  `datas` text,
  `height` decimal(10,2) DEFAULT '0.00',
  `bg` varchar(255) DEFAULT '',
  `isdefault` tinyint(3) DEFAULT '0',
  PRIMARY KEY (`id`),
  KEY `idx_uniacid` (`uniacid`),
  KEY `idx_isdefault` (`isdefault`)
) ENGINE=MyISAM DEFAULT CHARSET=utf8 AUTO_INCREMENT=1 ;

-- --------------------------------------------------------

--
-- 表的结构 `ims_ewei_shop_exhelper_senduser`
--

CREATE TABLE IF NOT EXISTS `ims_ewei_shop_exhelper_senduser` (
  `id` int(11) NOT NULL AUTO_INCREMENT,
  `uniacid` int(11) DEFAULT '0',
  `sendername` varchar(255) DEFAULT '' COMMENT '发件人',
  `sendertel` varchar(255) DEFAULT '' COMMENT '发件人联系电话',
  `sendersign` varchar(255) DEFAULT '' COMMENT '发件人签名',
  `sendercode` int(11) DEFAULT NULL COMMENT '发件地址邮编',
  `senderaddress` varchar(255) DEFAULT '' COMMENT '发件地址',
  `sendercity` varchar(255) DEFAULT NULL COMMENT '发件城市',
  `isdefault` tinyint(3) DEFAULT '0',
  PRIMARY KEY (`id`),
  KEY `idx_uniacid` (`uniacid`),
  KEY `idx_isdefault` (`isdefault`)
) ENGINE=MyISAM DEFAULT CHARSET=utf8 AUTO_INCREMENT=1 ;

-- --------------------------------------------------------

--
-- 表的结构 `ims_ewei_shop_exhelper_sys`
--

CREATE TABLE IF NOT EXISTS `ims_ewei_shop_exhelper_sys` (
  `id` int(11) NOT NULL AUTO_INCREMENT,
  `uniacid` int(11) NOT NULL DEFAULT '0',
  `ip` varchar(20) NOT NULL DEFAULT 'localhost',
  `port` int(11) NOT NULL DEFAULT '8000',
  PRIMARY KEY (`id`)
) ENGINE=MyISAM DEFAULT CHARSET=utf8 AUTO_INCREMENT=1 ;

-- --------------------------------------------------------

--
-- 表的结构 `ims_ewei_shop_express`
--

CREATE TABLE IF NOT EXISTS `ims_ewei_shop_express` (
  `id` int(11) NOT NULL AUTO_INCREMENT,
  `uniacid` int(11) DEFAULT '0',
  `express_name` varchar(50) DEFAULT '',
  `displayorder` int(11) DEFAULT '0',
  `express_price` varchar(10) DEFAULT '',
  `express_area` varchar(100) DEFAULT '',
  `express_url` varchar(255) DEFAULT '',
  PRIMARY KEY (`id`),
  KEY `idx_uniacid` (`uniacid`),
  KEY `idx_displayorder` (`displayorder`)
) ENGINE=MyISAM DEFAULT CHARSET=utf8 AUTO_INCREMENT=1 ;

-- --------------------------------------------------------

--
-- 表的结构 `ims_images_reply`
--

CREATE TABLE IF NOT EXISTS `ims_images_reply` (
  `id` int(10) unsigned NOT NULL AUTO_INCREMENT,
  `rid` int(10) unsigned NOT NULL,
  `title` varchar(50) NOT NULL,
  `description` varchar(255) NOT NULL,
  `mediaid` varchar(255) NOT NULL,
  `createtime` int(10) NOT NULL,
  PRIMARY KEY (`id`),
  KEY `rid` (`rid`)
) ENGINE=MyISAM DEFAULT CHARSET=utf8 AUTO_INCREMENT=1 ;

-- --------------------------------------------------------

--
-- 表的结构 `ims_mc_card`
--

CREATE TABLE IF NOT EXISTS `ims_mc_card` (
  `id` int(10) unsigned NOT NULL AUTO_INCREMENT,
  `uniacid` int(10) unsigned NOT NULL,
  `title` varchar(100) NOT NULL,
  `color` varchar(255) NOT NULL,
  `background` varchar(255) NOT NULL,
  `logo` varchar(255) NOT NULL,
  `format_type` tinyint(3) unsigned NOT NULL,
  `format` varchar(50) NOT NULL,
  `fields` varchar(1000) NOT NULL,
  `snpos` int(11) NOT NULL,
  `status` tinyint(1) NOT NULL,
  `business` text NOT NULL,
  `discount_type` tinyint(3) unsigned NOT NULL,
  `discount` varchar(3000) NOT NULL,
  `grant` varchar(200) NOT NULL,
  `grant_rate` int(10) unsigned NOT NULL,
  `offset_rate` int(10) unsigned NOT NULL,
  `offset_max` int(10) NOT NULL,
  `nums_status` tinyint(3) unsigned NOT NULL,
  `nums_text` varchar(15) NOT NULL,
  `nums` varchar(1000) NOT NULL,
  `times_status` tinyint(3) unsigned NOT NULL,
  `times_text` varchar(15) NOT NULL,
  `times` varchar(1000) NOT NULL,
  `params` longtext NOT NULL,
  `html` longtext NOT NULL,
  `recharge` varchar(500) NOT NULL,
  `description` varchar(512) NOT NULL,
  `recommend_status` tinyint(3) unsigned NOT NULL,
  `sign_status` tinyint(3) unsigned NOT NULL,
  PRIMARY KEY (`id`),
  KEY `uniacid` (`uniacid`)
) ENGINE=MyISAM DEFAULT CHARSET=utf8 AUTO_INCREMENT=1 ;

-- --------------------------------------------------------

--
-- 表的结构 `ims_mc_card_care`
--

CREATE TABLE IF NOT EXISTS `ims_mc_card_care` (
  `id` int(10) unsigned NOT NULL AUTO_INCREMENT,
  `uniacid` int(10) unsigned NOT NULL,
  `title` varchar(30) NOT NULL,
  `type` tinyint(3) unsigned NOT NULL,
  `groupid` int(10) unsigned NOT NULL,
  `credit1` int(10) unsigned NOT NULL,
  `credit2` int(10) unsigned NOT NULL,
  `couponid` int(10) unsigned NOT NULL,
  `granttime` int(10) unsigned NOT NULL,
  `days` int(10) unsigned NOT NULL,
  `time` tinyint(3) unsigned NOT NULL,
  `show_in_card` tinyint(3) unsigned NOT NULL,
  `content` varchar(1000) NOT NULL,
  `sms_notice` tinyint(3) unsigned NOT NULL,
  PRIMARY KEY (`id`),
  KEY `uniacid` (`uniacid`)
) ENGINE=MyISAM DEFAULT CHARSET=utf8 AUTO_INCREMENT=1 ;

-- --------------------------------------------------------

--
-- 表的结构 `ims_mc_card_credit_set`
--

CREATE TABLE IF NOT EXISTS `ims_mc_card_credit_set` (
  `id` int(10) unsigned NOT NULL AUTO_INCREMENT,
  `uniacid` int(10) unsigned NOT NULL,
  `sign` varchar(1000) NOT NULL,
  `share` varchar(500) NOT NULL,
  `content` text NOT NULL,
  PRIMARY KEY (`id`),
  KEY `uniacid` (`uniacid`)
) ENGINE=MyISAM DEFAULT CHARSET=utf8 AUTO_INCREMENT=1 ;

-- --------------------------------------------------------

--
-- 表的结构 `ims_mc_card_members`
--

CREATE TABLE IF NOT EXISTS `ims_mc_card_members` (
  `id` int(10) unsigned NOT NULL AUTO_INCREMENT,
  `uniacid` int(10) unsigned NOT NULL,
  `uid` int(10) DEFAULT NULL,
  `openid` varchar(50) NOT NULL,
  `cid` int(10) NOT NULL,
  `cardsn` varchar(20) NOT NULL,
  `status` tinyint(1) NOT NULL,
  `createtime` int(10) unsigned NOT NULL,
  `nums` int(10) unsigned NOT NULL,
  `endtime` int(10) unsigned NOT NULL,
  PRIMARY KEY (`id`)
) ENGINE=MyISAM DEFAULT CHARSET=utf8 AUTO_INCREMENT=1 ;

-- --------------------------------------------------------

--
-- 表的结构 `ims_mc_card_notices`
--

CREATE TABLE IF NOT EXISTS `ims_mc_card_notices` (
  `id` int(10) unsigned NOT NULL AUTO_INCREMENT,
  `uniacid` int(10) unsigned NOT NULL,
  `uid` int(10) unsigned NOT NULL,
  `type` tinyint(3) unsigned NOT NULL,
  `title` varchar(30) NOT NULL,
  `thumb` varchar(100) NOT NULL,
  `groupid` int(10) unsigned NOT NULL,
  `content` text NOT NULL,
  `addtime` int(10) unsigned NOT NULL,
  PRIMARY KEY (`id`),
  KEY `uniacid` (`uniacid`),
  KEY `uid` (`uid`)
) ENGINE=MyISAM DEFAULT CHARSET=utf8 AUTO_INCREMENT=1 ;

-- --------------------------------------------------------

--
-- 表的结构 `ims_mc_card_notices_unread`
--

CREATE TABLE IF NOT EXISTS `ims_mc_card_notices_unread` (
  `id` int(10) unsigned NOT NULL AUTO_INCREMENT,
  `uniacid` int(10) unsigned NOT NULL,
  `notice_id` int(10) unsigned NOT NULL,
  `uid` int(10) unsigned NOT NULL,
  `is_new` tinyint(3) unsigned NOT NULL,
  `type` tinyint(3) unsigned NOT NULL,
  PRIMARY KEY (`id`),
  KEY `uniacid` (`uniacid`),
  KEY `uid` (`uid`),
  KEY `notice_id` (`notice_id`)
) ENGINE=MyISAM DEFAULT CHARSET=utf8 AUTO_INCREMENT=1 ;

-- --------------------------------------------------------

--
-- 表的结构 `ims_mc_card_recommend`
--

CREATE TABLE IF NOT EXISTS `ims_mc_card_recommend` (
  `id` int(10) unsigned NOT NULL AUTO_INCREMENT,
  `uniacid` int(10) unsigned NOT NULL,
  `title` varchar(30) NOT NULL,
  `thumb` varchar(100) NOT NULL,
  `url` varchar(100) NOT NULL,
  `displayorder` tinyint(3) unsigned NOT NULL,
  `addtime` int(10) unsigned NOT NULL,
  PRIMARY KEY (`id`),
  KEY `uniacid` (`uniacid`)
) ENGINE=MyISAM DEFAULT CHARSET=utf8 AUTO_INCREMENT=1 ;

-- --------------------------------------------------------

--
-- 表的结构 `ims_mc_card_record`
--

CREATE TABLE IF NOT EXISTS `ims_mc_card_record` (
  `id` int(10) unsigned NOT NULL AUTO_INCREMENT,
  `uniacid` int(10) unsigned NOT NULL,
  `uid` int(10) unsigned NOT NULL,
  `type` varchar(15) NOT NULL,
  `model` tinyint(3) unsigned NOT NULL,
  `fee` decimal(10,2) unsigned NOT NULL,
  `tag` varchar(10) NOT NULL,
  `note` varchar(255) NOT NULL,
  `remark` varchar(200) NOT NULL,
  `addtime` int(10) unsigned NOT NULL,
  PRIMARY KEY (`id`),
  KEY `uniacid` (`uniacid`),
  KEY `uid` (`uid`),
  KEY `addtime` (`addtime`)
) ENGINE=MyISAM DEFAULT CHARSET=utf8 AUTO_INCREMENT=1 ;

-- --------------------------------------------------------

--
-- 表的结构 `ims_mc_card_sign_record`
--

CREATE TABLE IF NOT EXISTS `ims_mc_card_sign_record` (
  `id` int(10) unsigned NOT NULL AUTO_INCREMENT,
  `uniacid` int(10) unsigned NOT NULL,
  `uid` int(10) unsigned NOT NULL,
  `credit` int(10) unsigned NOT NULL,
  `is_grant` tinyint(3) unsigned NOT NULL,
  `addtime` int(10) unsigned NOT NULL,
  PRIMARY KEY (`id`),
  KEY `uniacid` (`uniacid`),
  KEY `uid` (`uid`)
) ENGINE=MyISAM DEFAULT CHARSET=utf8 AUTO_INCREMENT=1 ;

-- --------------------------------------------------------

--
-- 表的结构 `ims_mc_cash_record`
--

CREATE TABLE IF NOT EXISTS `ims_mc_cash_record` (
  `id` int(10) unsigned NOT NULL AUTO_INCREMENT,
  `uniacid` int(10) unsigned NOT NULL,
  `uid` int(10) unsigned NOT NULL,
  `clerk_id` int(10) unsigned NOT NULL,
  `store_id` int(10) unsigned NOT NULL,
  `clerk_type` tinyint(3) unsigned NOT NULL,
  `fee` decimal(10,2) unsigned NOT NULL,
  `final_fee` decimal(10,2) unsigned NOT NULL,
  `credit1` int(10) unsigned NOT NULL,
  `credit1_fee` decimal(10,2) unsigned NOT NULL,
  `credit2` decimal(10,2) unsigned NOT NULL,
  `cash` decimal(10,2) unsigned NOT NULL,
  `return_cash` decimal(10,2) unsigned NOT NULL,
  `final_cash` decimal(10,2) unsigned NOT NULL,
  `remark` varchar(255) NOT NULL,
  `createtime` int(10) unsigned NOT NULL,
  PRIMARY KEY (`id`),
  KEY `uniacid` (`uniacid`),
  KEY `uid` (`uid`)
) ENGINE=MyISAM DEFAULT CHARSET=utf8 AUTO_INCREMENT=1 ;

-- --------------------------------------------------------

--
-- 表的结构 `ims_mc_chats_record`
--

CREATE TABLE IF NOT EXISTS `ims_mc_chats_record` (
  `id` int(10) unsigned NOT NULL AUTO_INCREMENT,
  `uniacid` int(10) unsigned NOT NULL,
  `acid` int(10) unsigned NOT NULL,
  `flag` tinyint(3) unsigned NOT NULL,
  `openid` varchar(32) NOT NULL,
  `msgtype` varchar(15) NOT NULL,
  `content` varchar(10000) NOT NULL,
  `createtime` int(10) unsigned NOT NULL,
  PRIMARY KEY (`id`),
  KEY `uniacid` (`uniacid`,`acid`),
  KEY `openid` (`openid`),
  KEY `createtime` (`createtime`)
) ENGINE=MyISAM DEFAULT CHARSET=utf8 AUTO_INCREMENT=1 ;

-- --------------------------------------------------------

--
-- 表的结构 `ims_mc_credits_recharge`
--

CREATE TABLE IF NOT EXISTS `ims_mc_credits_recharge` (
  `id` int(10) unsigned NOT NULL AUTO_INCREMENT,
  `uniacid` int(10) unsigned NOT NULL,
  `uid` int(10) unsigned NOT NULL,
  `openid` varchar(50) NOT NULL,
  `tid` varchar(64) NOT NULL,
  `transid` varchar(30) NOT NULL,
  `fee` varchar(10) NOT NULL,
  `type` varchar(15) NOT NULL,
  `tag` int(10) unsigned NOT NULL,
  `status` tinyint(1) NOT NULL,
  `createtime` int(10) unsigned NOT NULL,
  PRIMARY KEY (`id`),
  KEY `idx_uniacid_uid` (`uniacid`,`uid`),
  KEY `idx_tid` (`tid`)
) ENGINE=MyISAM DEFAULT CHARSET=utf8 AUTO_INCREMENT=1 ;

-- --------------------------------------------------------

--
-- 表的结构 `ims_mc_credits_record`
--

CREATE TABLE IF NOT EXISTS `ims_mc_credits_record` (
  `id` int(11) NOT NULL AUTO_INCREMENT,
  `uid` int(10) unsigned NOT NULL,
  `uniacid` int(11) NOT NULL,
  `credittype` varchar(10) NOT NULL,
  `num` decimal(10,2) NOT NULL,
  `operator` int(10) unsigned NOT NULL,
  `module` varchar(30) NOT NULL,
  `clerk_id` int(10) unsigned NOT NULL,
  `store_id` int(10) unsigned NOT NULL,
  `clerk_type` tinyint(3) unsigned NOT NULL,
  `createtime` int(10) unsigned NOT NULL,
  `remark` varchar(200) NOT NULL,
  PRIMARY KEY (`id`),
  KEY `uniacid` (`uniacid`),
  KEY `uid` (`uid`)
) ENGINE=MyISAM DEFAULT CHARSET=utf8 AUTO_INCREMENT=1 ;

-- --------------------------------------------------------

--
-- 表的结构 `ims_mc_fans_groups`
--

CREATE TABLE IF NOT EXISTS `ims_mc_fans_groups` (
  `id` int(10) unsigned NOT NULL AUTO_INCREMENT,
  `uniacid` int(10) unsigned NOT NULL,
  `acid` int(10) unsigned NOT NULL,
  `groups` varchar(10000) NOT NULL,
  PRIMARY KEY (`id`),
  KEY `uniacid` (`uniacid`)
) ENGINE=MyISAM DEFAULT CHARSET=utf8 AUTO_INCREMENT=1 ;

-- --------------------------------------------------------

--
-- 表的结构 `ims_mc_groups`
--

CREATE TABLE IF NOT EXISTS `ims_mc_groups` (
  `groupid` int(11) NOT NULL AUTO_INCREMENT,
  `uniacid` int(11) NOT NULL,
  `title` varchar(20) NOT NULL,
  `credit` int(10) unsigned NOT NULL,
  `orderlist` tinyint(4) unsigned NOT NULL,
  `isdefault` tinyint(4) NOT NULL,
  PRIMARY KEY (`groupid`),
  KEY `uniacid` (`uniacid`)
) ENGINE=MyISAM  DEFAULT CHARSET=utf8 AUTO_INCREMENT=2 ;

--
-- 转存表中的数据 `ims_mc_groups`
--

INSERT INTO `ims_mc_groups` (`groupid`, `uniacid`, `title`, `credit`, `orderlist`, `isdefault`) VALUES
(1, 1, '默认会员组', 0, 0, 1);

-- --------------------------------------------------------

--
-- 表的结构 `ims_mc_handsel`
--

CREATE TABLE IF NOT EXISTS `ims_mc_handsel` (
  `id` int(10) unsigned NOT NULL AUTO_INCREMENT,
  `uniacid` int(10) NOT NULL,
  `touid` int(10) unsigned NOT NULL,
  `fromuid` varchar(32) NOT NULL,
  `module` varchar(30) NOT NULL,
  `sign` varchar(100) NOT NULL,
  `action` varchar(20) NOT NULL,
  `credit_value` int(10) unsigned NOT NULL,
  `createtime` int(10) unsigned NOT NULL,
  PRIMARY KEY (`id`),
  KEY `uid` (`touid`),
  KEY `uniacid` (`uniacid`)
) ENGINE=MyISAM DEFAULT CHARSET=utf8 AUTO_INCREMENT=1 ;

-- --------------------------------------------------------

--
-- 表的结构 `ims_mc_mapping_fans`
--

CREATE TABLE IF NOT EXISTS `ims_mc_mapping_fans` (
  `fanid` int(10) unsigned NOT NULL AUTO_INCREMENT,
  `acid` int(10) unsigned NOT NULL,
  `uniacid` int(10) unsigned NOT NULL,
  `uid` int(10) unsigned NOT NULL,
  `openid` varchar(50) NOT NULL,
  `unionid` varchar(64) NOT NULL,
  `nickname` varchar(50) NOT NULL,
  `groupid` int(10) unsigned NOT NULL,
  `salt` char(8) NOT NULL,
  `follow` tinyint(1) unsigned NOT NULL,
  `followtime` int(10) unsigned NOT NULL,
  `unfollowtime` int(10) unsigned NOT NULL,
  `tag` varchar(1000) NOT NULL,
  `updatetime` int(10) unsigned DEFAULT NULL,
  PRIMARY KEY (`fanid`),
  KEY `acid` (`acid`),
  KEY `uniacid` (`uniacid`),
  KEY `openid` (`openid`),
  KEY `updatetime` (`updatetime`),
  KEY `nickname` (`nickname`)
) ENGINE=MyISAM DEFAULT CHARSET=utf8 AUTO_INCREMENT=1 ;

-- --------------------------------------------------------

--
-- 表的结构 `ims_mc_mapping_ucenter`
--

CREATE TABLE IF NOT EXISTS `ims_mc_mapping_ucenter` (
  `id` int(10) unsigned NOT NULL AUTO_INCREMENT,
  `uniacid` int(10) unsigned NOT NULL,
  `uid` int(10) unsigned NOT NULL,
  `centeruid` int(10) unsigned NOT NULL,
  PRIMARY KEY (`id`)
) ENGINE=MyISAM DEFAULT CHARSET=utf8 AUTO_INCREMENT=1 ;

-- --------------------------------------------------------

--
-- 表的结构 `ims_mc_mass_record`
--

CREATE TABLE IF NOT EXISTS `ims_mc_mass_record` (
  `id` int(10) unsigned NOT NULL AUTO_INCREMENT,
  `uniacid` int(10) unsigned NOT NULL,
  `acid` int(10) unsigned NOT NULL,
  `groupname` varchar(50) NOT NULL,
  `fansnum` int(10) unsigned NOT NULL,
  `msgtype` varchar(10) NOT NULL,
  `content` varchar(10000) NOT NULL,
  `group` int(10) NOT NULL,
  `attach_id` int(10) unsigned NOT NULL,
  `media_id` varchar(100) NOT NULL,
  `type` tinyint(3) unsigned NOT NULL,
  `status` tinyint(3) unsigned NOT NULL,
  `cron_id` int(10) unsigned NOT NULL,
  `sendtime` int(10) unsigned NOT NULL,
  `finalsendtime` int(10) unsigned NOT NULL,
  `createtime` int(10) unsigned NOT NULL,
  PRIMARY KEY (`id`),
  KEY `uniacid` (`uniacid`,`acid`)
) ENGINE=MyISAM DEFAULT CHARSET=utf8 AUTO_INCREMENT=1 ;

-- --------------------------------------------------------

--
-- 表的结构 `ims_mc_members`
--

CREATE TABLE IF NOT EXISTS `ims_mc_members` (
  `uid` int(10) unsigned NOT NULL AUTO_INCREMENT,
  `uniacid` int(10) unsigned NOT NULL,
  `mobile` varchar(11) NOT NULL,
  `email` varchar(50) NOT NULL,
  `password` varchar(32) NOT NULL,
  `salt` varchar(8) NOT NULL,
  `groupid` int(11) NOT NULL,
  `credit1` decimal(10,2) unsigned NOT NULL,
  `credit2` decimal(10,2) unsigned NOT NULL,
  `credit3` decimal(10,2) unsigned NOT NULL,
  `credit4` decimal(10,2) unsigned NOT NULL,
  `credit5` decimal(10,2) unsigned NOT NULL,
  `credit6` decimal(10,2) NOT NULL,
  `createtime` int(10) unsigned NOT NULL,
  `realname` varchar(10) NOT NULL,
  `nickname` varchar(20) NOT NULL,
  `avatar` varchar(255) NOT NULL,
  `qq` varchar(15) NOT NULL,
  `vip` tinyint(3) unsigned NOT NULL,
  `gender` tinyint(1) NOT NULL,
  `birthyear` smallint(6) unsigned NOT NULL,
  `birthmonth` tinyint(3) unsigned NOT NULL,
  `birthday` tinyint(3) unsigned NOT NULL,
  `constellation` varchar(10) NOT NULL,
  `zodiac` varchar(5) NOT NULL,
  `telephone` varchar(15) NOT NULL,
  `idcard` varchar(30) NOT NULL,
  `studentid` varchar(50) NOT NULL,
  `grade` varchar(10) NOT NULL,
  `address` varchar(255) NOT NULL,
  `zipcode` varchar(10) NOT NULL,
  `nationality` varchar(30) NOT NULL,
  `resideprovince` varchar(30) NOT NULL,
  `residecity` varchar(30) NOT NULL,
  `residedist` varchar(30) NOT NULL,
  `graduateschool` varchar(50) NOT NULL,
  `company` varchar(50) NOT NULL,
  `education` varchar(10) NOT NULL,
  `occupation` varchar(30) NOT NULL,
  `position` varchar(30) NOT NULL,
  `revenue` varchar(10) NOT NULL,
  `affectivestatus` varchar(30) NOT NULL,
  `lookingfor` varchar(255) NOT NULL,
  `bloodtype` varchar(5) NOT NULL,
  `height` varchar(5) NOT NULL,
  `weight` varchar(5) NOT NULL,
  `alipay` varchar(30) NOT NULL,
  `msn` varchar(30) NOT NULL,
  `taobao` varchar(30) NOT NULL,
  `site` varchar(30) NOT NULL,
  `bio` text NOT NULL,
  `interest` text NOT NULL,
  PRIMARY KEY (`uid`),
  KEY `groupid` (`groupid`),
  KEY `uniacid` (`uniacid`)
) ENGINE=MyISAM DEFAULT CHARSET=utf8 AUTO_INCREMENT=1 ;

-- --------------------------------------------------------

--
-- 表的结构 `ims_mc_member_address`
--

CREATE TABLE IF NOT EXISTS `ims_mc_member_address` (
  `id` int(10) unsigned NOT NULL AUTO_INCREMENT,
  `uniacid` int(10) unsigned NOT NULL,
  `uid` int(50) unsigned NOT NULL,
  `username` varchar(20) NOT NULL,
  `mobile` varchar(11) NOT NULL,
  `zipcode` varchar(6) NOT NULL,
  `province` varchar(32) NOT NULL,
  `city` varchar(32) NOT NULL,
  `district` varchar(32) NOT NULL,
  `address` varchar(512) NOT NULL,
  `isdefault` tinyint(1) unsigned NOT NULL,
  PRIMARY KEY (`id`),
  KEY `idx_uinacid` (`uniacid`),
  KEY `idx_uid` (`uid`)
) ENGINE=MyISAM DEFAULT CHARSET=utf8 AUTO_INCREMENT=1 ;

-- --------------------------------------------------------

--
-- 表的结构 `ims_mc_member_fields`
--

CREATE TABLE IF NOT EXISTS `ims_mc_member_fields` (
  `id` int(10) unsigned NOT NULL AUTO_INCREMENT,
  `uniacid` int(10) NOT NULL,
  `fieldid` int(10) NOT NULL,
  `title` varchar(255) NOT NULL,
  `available` tinyint(1) NOT NULL,
  `displayorder` smallint(6) NOT NULL,
  PRIMARY KEY (`id`),
  KEY `idx_uniacid` (`uniacid`),
  KEY `idx_fieldid` (`fieldid`)
) ENGINE=MyISAM  DEFAULT CHARSET=utf8 AUTO_INCREMENT=37 ;

--
-- 转存表中的数据 `ims_mc_member_fields`
--

INSERT INTO `ims_mc_member_fields` (`id`, `uniacid`, `fieldid`, `title`, `available`, `displayorder`) VALUES
(1, 1, 1, '真实姓名', 1, 0),
(2, 1, 2, '昵称', 1, 1),
(3, 1, 3, '头像', 1, 1),
(4, 1, 4, 'QQ号', 1, 0),
(5, 1, 5, '手机号码', 1, 0),
(6, 1, 6, 'VIP级别', 1, 0),
(7, 1, 7, '性别', 1, 0),
(8, 1, 8, '出生生日', 1, 0),
(9, 1, 9, '星座', 1, 0),
(10, 1, 10, '生肖', 1, 0),
(11, 1, 11, '固定电话', 1, 0),
(12, 1, 12, '证件号码', 1, 0),
(13, 1, 13, '学号', 1, 0),
(14, 1, 14, '班级', 1, 0),
(15, 1, 15, '邮寄地址', 1, 0),
(16, 1, 16, '邮编', 1, 0),
(17, 1, 17, '国籍', 1, 0),
(18, 1, 18, '居住地址', 1, 0),
(19, 1, 19, '毕业学校', 1, 0),
(20, 1, 20, '公司', 1, 0),
(21, 1, 21, '学历', 1, 0),
(22, 1, 22, '职业', 1, 0),
(23, 1, 23, '职位', 1, 0),
(24, 1, 24, '年收入', 1, 0),
(25, 1, 25, '情感状态', 1, 0),
(26, 1, 26, ' 交友目的', 1, 0),
(27, 1, 27, '血型', 1, 0),
(28, 1, 28, '身高', 1, 0),
(29, 1, 29, '体重', 1, 0),
(30, 1, 30, '支付宝帐号', 1, 0),
(31, 1, 31, 'MSN', 1, 0),
(32, 1, 32, '电子邮箱', 1, 0),
(33, 1, 33, '阿里旺旺', 1, 0),
(34, 1, 34, '主页', 1, 0),
(35, 1, 35, '自我介绍', 1, 0),
(36, 1, 36, '兴趣爱好', 1, 0);

-- --------------------------------------------------------

--
-- 表的结构 `ims_mc_oauth_fans`
--

CREATE TABLE IF NOT EXISTS `ims_mc_oauth_fans` (
  `id` int(10) unsigned NOT NULL AUTO_INCREMENT,
  `oauth_openid` varchar(50) NOT NULL,
  `acid` int(10) unsigned NOT NULL,
  `uid` int(10) unsigned NOT NULL,
  `openid` varchar(50) NOT NULL,
  PRIMARY KEY (`id`),
  KEY `idx_oauthopenid_acid` (`oauth_openid`,`acid`)
) ENGINE=MyISAM DEFAULT CHARSET=utf8 AUTO_INCREMENT=1 ;

-- --------------------------------------------------------

--
-- 表的结构 `ims_menu_event`
--

CREATE TABLE IF NOT EXISTS `ims_menu_event` (
  `id` int(10) unsigned NOT NULL AUTO_INCREMENT,
  `uniacid` int(10) unsigned NOT NULL,
  `keyword` varchar(30) NOT NULL,
  `type` varchar(30) NOT NULL,
  `picmd5` varchar(32) NOT NULL,
  `openid` varchar(128) NOT NULL,
  `createtime` int(10) unsigned NOT NULL,
  PRIMARY KEY (`id`),
  KEY `uniacid` (`uniacid`),
  KEY `picmd5` (`picmd5`)
) ENGINE=MyISAM DEFAULT CHARSET=utf8 AUTO_INCREMENT=1 ;

-- --------------------------------------------------------

--
-- 表的结构 `ims_mobilenumber`
--

CREATE TABLE IF NOT EXISTS `ims_mobilenumber` (
  `id` int(11) NOT NULL AUTO_INCREMENT,
  `rid` int(10) NOT NULL,
  `enabled` tinyint(1) unsigned NOT NULL,
  `dateline` int(11) DEFAULT NULL,
  PRIMARY KEY (`id`)
) ENGINE=MyISAM DEFAULT CHARSET=utf8 AUTO_INCREMENT=1 ;

-- --------------------------------------------------------

--
-- 表的结构 `ims_modules`
--

CREATE TABLE IF NOT EXISTS `ims_modules` (
  `mid` int(10) unsigned NOT NULL AUTO_INCREMENT,
  `name` varchar(100) NOT NULL,
  `type` varchar(20) NOT NULL,
  `title` varchar(100) NOT NULL,
  `version` varchar(10) NOT NULL,
  `ability` varchar(500) NOT NULL,
  `description` varchar(1000) NOT NULL,
  `author` varchar(50) NOT NULL,
  `url` varchar(255) NOT NULL,
  `settings` tinyint(1) NOT NULL,
  `subscribes` varchar(500) NOT NULL,
  `handles` varchar(500) NOT NULL,
  `isrulefields` tinyint(1) NOT NULL,
  `issystem` tinyint(1) unsigned NOT NULL,
  `target` int(10) unsigned NOT NULL,
  `iscard` tinyint(3) unsigned NOT NULL,
  `permissions` varchar(5000) NOT NULL,
  PRIMARY KEY (`mid`),
  KEY `idx_name` (`name`)
) ENGINE=MyISAM  DEFAULT CHARSET=utf8 AUTO_INCREMENT=15 ;

--
-- 转存表中的数据 `ims_modules`
--

INSERT INTO `ims_modules` (`mid`, `name`, `type`, `title`, `version`, `ability`, `description`, `author`, `url`, `settings`, `subscribes`, `handles`, `isrulefields`, `issystem`, `target`, `iscard`, `permissions`) VALUES
(1, 'basic', 'system', '基本文字回复', '1.0', '和您进行简单对话', '一问一答得简单对话. 当访客的对话语句中包含指定关键字, 或对话语句完全等于特定关键字, 或符合某些特定的格式时. 系统自动应答设定好的回复内容.', 'WeEngine Team', 'http://www.we7.cc/', 0, '', '', 1, 1, 0, 0, ''),
(2, 'news', 'system', '基本混合图文回复', '1.0', '为你提供生动的图文资讯', '一问一答得简单对话, 但是回复内容包括图片文字等更生动的媒体内容. 当访客的对话语句中包含指定关键字, 或对话语句完全等于特定关键字, 或符合某些特定的格式时. 系统自动应答设定好的图文回复内容.', 'WeEngine Team', 'http://www.we7.cc/', 0, '', '', 1, 1, 0, 0, ''),
(3, 'music', 'system', '基本音乐回复', '1.0', '提供语音、音乐等音频类回复', '在回复规则中可选择具有语音、音乐等音频类的回复内容，并根据用户所设置的特定关键字精准的返回给粉丝，实现一问一答得简单对话。', 'WeEngine Team', 'http://www.we7.cc/', 0, '', '', 1, 1, 0, 0, ''),
(4, 'userapi', 'system', '自定义接口回复', '1.1', '更方便的第三方接口设置', '自定义接口又称第三方接口，可以让开发者更方便的接入微擎系统，高效的与微信公众平台进行对接整合。', 'WeEngine Team', 'http://www.we7.cc/', 0, '', '', 1, 1, 0, 0, ''),
(5, 'recharge', 'system', '会员中心充值模块', '1.0', '提供会员充值功能', '', 'WeEngine Team', 'http://www.we7.cc/', 0, '', '', 0, 1, 0, 0, ''),
(6, 'custom', 'system', '多客服转接', '1.0.0', '用来接入腾讯的多客服系统', '', 'WeEngine Team', 'http://bbs.we7.cc', 0, 'a:0:{}', 'a:6:{i:0;s:5:"image";i:1;s:5:"voice";i:2;s:5:"video";i:3;s:8:"location";i:4;s:4:"link";i:5;s:4:"text";}', 1, 1, 0, 0, ''),
(7, 'images', 'system', '基本图片回复', '1.0', '提供图片回复', '在回复规则中可选择具有图片的回复内容，并根据用户所设置的特定关键字精准的返回给粉丝图片。', 'WeEngine Team', 'http://www.we7.cc/', 0, '', '', 1, 1, 0, 0, ''),
(8, 'video', 'system', '基本视频回复', '1.0', '提供图片回复', '在回复规则中可选择具有视频的回复内容，并根据用户所设置的特定关键字精准的返回给粉丝视频。', 'WeEngine Team', 'http://www.we7.cc/', 0, '', '', 1, 1, 0, 0, ''),
(9, 'voice', 'system', '基本语音回复', '1.0', '提供语音回复', '在回复规则中可选择具有语音的回复内容，并根据用户所设置的特定关键字精准的返回给粉丝语音。', 'WeEngine Team', 'http://www.we7.cc/', 0, '', '', 1, 1, 0, 0, ''),
(10, 'chats', 'system', '发送客服消息', '1.0', '公众号可以在粉丝最后发送消息的48小时内无限制发送消息', '', 'WeEngine Team', 'http://www.we7.cc/', 0, '', '', 0, 1, 0, 0, ''),
(11, 'wxcard', 'system', '微信卡券回复', '1.0', '微信卡券回复', '微信卡券回复', 'WeEngine Team', 'http://www.we7.cc/', 0, '', '', 0, 1, 0, 0, ''),
(14, 'sz_yi', 'biz', '易商城', '1.1', '易商城', '易商城', 'RainYang', 'http://bbs.we7.cc/', 1, 'a:0:{}', 'a:1:{i:0;s:4:"text";}', 0, 0, 0, 0, 'a:0:{}');

-- --------------------------------------------------------

--
-- 表的结构 `ims_modules_bindings`
--

CREATE TABLE IF NOT EXISTS `ims_modules_bindings` (
  `eid` int(11) NOT NULL AUTO_INCREMENT,
  `module` varchar(30) NOT NULL,
  `entry` varchar(10) NOT NULL,
  `call` varchar(50) NOT NULL,
  `title` varchar(50) NOT NULL,
  `do` varchar(30) NOT NULL,
  `state` varchar(200) NOT NULL,
  `direct` int(11) NOT NULL,
  `url` varchar(100) NOT NULL,
  `icon` varchar(50) NOT NULL,
  `displayorder` tinyint(255) unsigned NOT NULL,
  PRIMARY KEY (`eid`),
  KEY `idx_module` (`module`)
) ENGINE=MyISAM  DEFAULT CHARSET=utf8 AUTO_INCREMENT=37 ;

--
-- 转存表中的数据 `ims_modules_bindings`
--

INSERT INTO `ims_modules_bindings` (`eid`, `module`, `entry`, `call`, `title`, `do`, `state`, `direct`, `url`, `icon`, `displayorder`) VALUES
(34, 'sz_yi', 'menu', '', '插件中心', 'plugins', '', 0, '', '', 0),
(33, 'sz_yi', 'menu', '', '数据统计', 'statistics', '', 0, '', '', 0),
(32, 'sz_yi', 'menu', '', '订单管理', 'order', '', 0, '', '', 0),
(30, 'sz_yi', 'menu', '', '商城管理', 'shop', '', 0, '', '', 0),
(31, 'sz_yi', 'menu', '', '会员管理', 'member', '', 0, '', '', 0),
(29, 'sz_yi', 'cover', '', '会员中心入口', 'member', '', 0, '', '', 0),
(28, 'sz_yi', 'cover', '', '我的收藏入口', 'favorite', '', 0, '', '', 0),
(27, 'sz_yi', 'cover', '', '购物车入口', 'cart', '', 0, '', '', 0),
(26, 'sz_yi', 'cover', '', '订单入口', 'order', '', 0, '', '', 0),
(25, 'sz_yi', 'cover', '', '商城入口', 'shop', '', 0, '', '', 0),
(35, 'sz_yi', 'menu', '', '系统设置', 'sysset', '', 0, '', '', 0),
(36, 'sz_yi', 'home', '', '商城入口2', 'shop', '', 0, '', '', 0);

-- --------------------------------------------------------

--
-- 表的结构 `ims_music_reply`
--

CREATE TABLE IF NOT EXISTS `ims_music_reply` (
  `id` int(10) unsigned NOT NULL AUTO_INCREMENT,
  `rid` int(10) unsigned NOT NULL,
  `title` varchar(50) NOT NULL,
  `description` varchar(255) NOT NULL,
  `url` varchar(300) NOT NULL,
  `hqurl` varchar(300) NOT NULL,
  PRIMARY KEY (`id`),
  KEY `rid` (`rid`)
) ENGINE=MyISAM DEFAULT CHARSET=utf8 AUTO_INCREMENT=1 ;

-- --------------------------------------------------------

--
-- 表的结构 `ims_news_reply`
--

CREATE TABLE IF NOT EXISTS `ims_news_reply` (
  `id` int(10) unsigned NOT NULL AUTO_INCREMENT,
  `rid` int(10) unsigned NOT NULL,
  `parent_id` int(10) NOT NULL,
  `title` varchar(50) NOT NULL,
  `author` varchar(64) NOT NULL,
  `description` varchar(255) NOT NULL,
  `thumb` varchar(255) NOT NULL,
  `content` mediumtext NOT NULL,
  `url` varchar(255) NOT NULL,
  `displayorder` int(10) NOT NULL,
  `incontent` tinyint(1) NOT NULL,
  `createtime` int(10) NOT NULL,
  PRIMARY KEY (`id`),
  KEY `rid` (`rid`)
) ENGINE=MyISAM DEFAULT CHARSET=utf8 AUTO_INCREMENT=1 ;

-- --------------------------------------------------------

--
-- 表的结构 `ims_profile_fields`
--

CREATE TABLE IF NOT EXISTS `ims_profile_fields` (
  `id` int(10) unsigned NOT NULL AUTO_INCREMENT,
  `field` varchar(255) NOT NULL,
  `available` tinyint(1) NOT NULL,
  `title` varchar(255) NOT NULL,
  `description` varchar(255) NOT NULL,
  `displayorder` smallint(6) NOT NULL,
  `required` tinyint(1) NOT NULL,
  `unchangeable` tinyint(1) NOT NULL,
  `showinregister` tinyint(1) NOT NULL,
  PRIMARY KEY (`id`)
) ENGINE=MyISAM  DEFAULT CHARSET=utf8 AUTO_INCREMENT=37 ;

--
-- 转存表中的数据 `ims_profile_fields`
--

INSERT INTO `ims_profile_fields` (`id`, `field`, `available`, `title`, `description`, `displayorder`, `required`, `unchangeable`, `showinregister`) VALUES
(1, 'realname', 1, '真实姓名', '', 0, 1, 1, 1),
(2, 'nickname', 1, '昵称', '', 1, 1, 0, 1),
(3, 'avatar', 1, '头像', '', 1, 0, 0, 0),
(4, 'qq', 1, 'QQ号', '', 0, 0, 0, 1),
(5, 'mobile', 1, '手机号码', '', 0, 0, 0, 0),
(6, 'vip', 1, 'VIP级别', '', 0, 0, 0, 0),
(7, 'gender', 1, '性别', '', 0, 0, 0, 0),
(8, 'birthyear', 1, '出生生日', '', 0, 0, 0, 0),
(9, 'constellation', 1, '星座', '', 0, 0, 0, 0),
(10, 'zodiac', 1, '生肖', '', 0, 0, 0, 0),
(11, 'telephone', 1, '固定电话', '', 0, 0, 0, 0),
(12, 'idcard', 1, '证件号码', '', 0, 0, 0, 0),
(13, 'studentid', 1, '学号', '', 0, 0, 0, 0),
(14, 'grade', 1, '班级', '', 0, 0, 0, 0),
(15, 'address', 1, '邮寄地址', '', 0, 0, 0, 0),
(16, 'zipcode', 1, '邮编', '', 0, 0, 0, 0),
(17, 'nationality', 1, '国籍', '', 0, 0, 0, 0),
(18, 'resideprovince', 1, '居住地址', '', 0, 0, 0, 0),
(19, 'graduateschool', 1, '毕业学校', '', 0, 0, 0, 0),
(20, 'company', 1, '公司', '', 0, 0, 0, 0),
(21, 'education', 1, '学历', '', 0, 0, 0, 0),
(22, 'occupation', 1, '职业', '', 0, 0, 0, 0),
(23, 'position', 1, '职位', '', 0, 0, 0, 0),
(24, 'revenue', 1, '年收入', '', 0, 0, 0, 0),
(25, 'affectivestatus', 1, '情感状态', '', 0, 0, 0, 0),
(26, 'lookingfor', 1, ' 交友目的', '', 0, 0, 0, 0),
(27, 'bloodtype', 1, '血型', '', 0, 0, 0, 0),
(28, 'height', 1, '身高', '', 0, 0, 0, 0),
(29, 'weight', 1, '体重', '', 0, 0, 0, 0),
(30, 'alipay', 1, '支付宝帐号', '', 0, 0, 0, 0),
(31, 'msn', 1, 'MSN', '', 0, 0, 0, 0),
(32, 'email', 1, '电子邮箱', '', 0, 0, 0, 0),
(33, 'taobao', 1, '阿里旺旺', '', 0, 0, 0, 0),
(34, 'site', 1, '主页', '', 0, 0, 0, 0),
(35, 'bio', 1, '自我介绍', '', 0, 0, 0, 0),
(36, 'interest', 1, '兴趣爱好', '', 0, 0, 0, 0);

-- --------------------------------------------------------

--
-- 表的结构 `ims_qrcode`
--

CREATE TABLE IF NOT EXISTS `ims_qrcode` (
  `id` int(10) unsigned NOT NULL AUTO_INCREMENT,
  `uniacid` int(10) unsigned NOT NULL,
  `acid` int(10) unsigned NOT NULL,
  `type` varchar(10) NOT NULL,
  `extra` int(10) unsigned NOT NULL,
  `qrcid` int(10) unsigned NOT NULL,
  `scene_str` varchar(64) NOT NULL,
  `name` varchar(50) NOT NULL,
  `keyword` varchar(100) NOT NULL,
  `model` tinyint(1) unsigned NOT NULL,
  `ticket` varchar(250) NOT NULL,
  `url` varchar(80) NOT NULL,
  `expire` int(10) unsigned NOT NULL,
  `subnum` int(10) unsigned NOT NULL,
  `createtime` int(10) unsigned NOT NULL,
  `status` tinyint(1) unsigned NOT NULL,
  PRIMARY KEY (`id`),
  KEY `idx_qrcid` (`qrcid`),
  KEY `uniacid` (`uniacid`),
  KEY `ticket` (`ticket`)
) ENGINE=MyISAM DEFAULT CHARSET=utf8 AUTO_INCREMENT=1 ;

-- --------------------------------------------------------

--
-- 表的结构 `ims_qrcode_stat`
--

CREATE TABLE IF NOT EXISTS `ims_qrcode_stat` (
  `id` int(10) unsigned NOT NULL AUTO_INCREMENT,
  `uniacid` int(10) unsigned NOT NULL,
  `acid` int(10) unsigned NOT NULL,
  `qid` int(10) unsigned NOT NULL,
  `openid` varchar(50) NOT NULL,
  `type` tinyint(1) unsigned NOT NULL,
  `qrcid` int(10) unsigned NOT NULL,
  `scene_str` varchar(64) NOT NULL,
  `name` varchar(50) NOT NULL,
  `createtime` int(10) unsigned NOT NULL,
  PRIMARY KEY (`id`)
) ENGINE=MyISAM DEFAULT CHARSET=utf8 AUTO_INCREMENT=1 ;

-- --------------------------------------------------------

--
-- 表的结构 `ims_rule`
--

CREATE TABLE IF NOT EXISTS `ims_rule` (
  `id` int(10) unsigned NOT NULL AUTO_INCREMENT,
  `uniacid` int(10) unsigned NOT NULL,
  `name` varchar(50) NOT NULL,
  `module` varchar(50) NOT NULL,
  `displayorder` int(10) unsigned NOT NULL,
  `status` tinyint(1) unsigned NOT NULL,
  PRIMARY KEY (`id`)
) ENGINE=MyISAM  DEFAULT CHARSET=utf8 AUTO_INCREMENT=11 ;

--
-- 转存表中的数据 `ims_rule`
--

INSERT INTO `ims_rule` (`id`, `uniacid`, `name`, `module`, `displayorder`, `status`) VALUES
(1, 0, '城市天气', 'userapi', 255, 1),
(2, 0, '百度百科', 'userapi', 255, 1),
(3, 0, '即时翻译', 'userapi', 255, 1),
(4, 0, '今日老黄历', 'userapi', 255, 1),
(5, 0, '看新闻', 'userapi', 255, 1),
(6, 0, '快递查询', 'userapi', 255, 1),
(7, 1, '个人中心入口设置', 'cover', 0, 1),
(8, 1, '微擎团队入口设置', 'cover', 0, 1),
(9, 1, 'sz_yi:poster:4', 'sz_yi', 0, 1),
(10, 1, 'sz_yi:poster:auto', 'sz_yi', 0, 1);

-- --------------------------------------------------------

--
-- 表的结构 `ims_rule_keyword`
--

CREATE TABLE IF NOT EXISTS `ims_rule_keyword` (
  `id` int(10) unsigned NOT NULL AUTO_INCREMENT,
  `rid` int(10) unsigned NOT NULL,
  `uniacid` int(10) unsigned NOT NULL,
  `module` varchar(50) NOT NULL,
  `content` varchar(255) NOT NULL,
  `type` tinyint(1) unsigned NOT NULL,
  `displayorder` tinyint(3) unsigned NOT NULL,
  `status` tinyint(1) unsigned NOT NULL,
  PRIMARY KEY (`id`),
  KEY `idx_content` (`content`),
  KEY `idx_rid` (`rid`),
  KEY `idx_uniacid_type_content` (`uniacid`,`type`,`content`)
) ENGINE=MyISAM  DEFAULT CHARSET=utf8 AUTO_INCREMENT=15 ;

--
-- 转存表中的数据 `ims_rule_keyword`
--

INSERT INTO `ims_rule_keyword` (`id`, `rid`, `uniacid`, `module`, `content`, `type`, `displayorder`, `status`) VALUES
(1, 1, 0, 'userapi', '^.+天气$', 3, 255, 1),
(2, 2, 0, 'userapi', '^百科.+$', 3, 255, 1),
(3, 2, 0, 'userapi', '^定义.+$', 3, 255, 1),
(4, 3, 0, 'userapi', '^@.+$', 3, 255, 1),
(5, 4, 0, 'userapi', '日历', 1, 255, 1),
(6, 4, 0, 'userapi', '万年历', 1, 255, 1),
(7, 4, 0, 'userapi', '黄历', 1, 255, 1),
(8, 4, 0, 'userapi', '几号', 1, 255, 1),
(9, 5, 0, 'userapi', '新闻', 1, 255, 1),
(10, 6, 0, 'userapi', '^(申通|圆通|中通|汇通|韵达|顺丰|EMS) *[a-z0-9]{1,}$', 3, 255, 1),
(11, 7, 1, 'cover', '个人中心', 1, 0, 1),
(12, 8, 1, 'cover', '首页', 1, 0, 1),
(13, 9, 1, 'sz_yi', '11', 1, 0, 1),
(14, 10, 1, 'sz_yi', 'SZ_YI_POSTER', 1, 0, 1);

-- --------------------------------------------------------

--
-- 表的结构 `ims_site_article`
--

CREATE TABLE IF NOT EXISTS `ims_site_article` (
  `id` int(10) unsigned NOT NULL AUTO_INCREMENT,
  `uniacid` int(10) unsigned NOT NULL,
  `rid` int(10) unsigned NOT NULL,
  `kid` int(10) unsigned NOT NULL,
  `iscommend` tinyint(1) NOT NULL,
  `ishot` tinyint(1) unsigned NOT NULL,
  `pcate` int(10) unsigned NOT NULL,
  `ccate` int(10) unsigned NOT NULL,
  `template` varchar(300) NOT NULL,
  `title` varchar(100) NOT NULL,
  `description` varchar(100) NOT NULL,
  `content` mediumtext NOT NULL,
  `thumb` varchar(255) NOT NULL,
  `incontent` tinyint(1) NOT NULL,
  `source` varchar(255) NOT NULL,
  `author` varchar(50) NOT NULL,
  `displayorder` int(10) unsigned NOT NULL,
  `linkurl` varchar(500) NOT NULL,
  `createtime` int(10) unsigned NOT NULL,
  `click` int(10) unsigned NOT NULL,
  `type` varchar(10) NOT NULL,
  `credit` varchar(255) NOT NULL,
  PRIMARY KEY (`id`),
  KEY `idx_iscommend` (`iscommend`),
  KEY `idx_ishot` (`ishot`)
) ENGINE=MyISAM DEFAULT CHARSET=utf8 AUTO_INCREMENT=1 ;

-- --------------------------------------------------------

--
-- 表的结构 `ims_site_category`
--

CREATE TABLE IF NOT EXISTS `ims_site_category` (
  `id` int(10) unsigned NOT NULL AUTO_INCREMENT,
  `uniacid` int(10) unsigned NOT NULL,
  `nid` int(10) unsigned NOT NULL,
  `name` varchar(50) NOT NULL,
  `parentid` int(10) unsigned NOT NULL,
  `displayorder` tinyint(3) unsigned NOT NULL,
  `enabled` tinyint(1) unsigned NOT NULL,
  `icon` varchar(100) NOT NULL,
  `description` varchar(100) NOT NULL,
  `styleid` int(10) unsigned NOT NULL,
  `linkurl` varchar(500) NOT NULL,
  `ishomepage` tinyint(1) NOT NULL,
  `icontype` tinyint(1) unsigned NOT NULL,
  `css` varchar(500) NOT NULL,
  PRIMARY KEY (`id`)
) ENGINE=MyISAM DEFAULT CHARSET=utf8 AUTO_INCREMENT=1 ;

-- --------------------------------------------------------

--
-- 表的结构 `ims_site_multi`
--

CREATE TABLE IF NOT EXISTS `ims_site_multi` (
  `id` int(10) unsigned NOT NULL AUTO_INCREMENT,
  `uniacid` int(10) unsigned NOT NULL,
  `title` varchar(30) NOT NULL,
  `styleid` int(10) unsigned NOT NULL,
  `site_info` text NOT NULL,
  `status` tinyint(3) unsigned NOT NULL,
  `bindhost` varchar(255) NOT NULL,
  PRIMARY KEY (`id`),
  KEY `uniacid` (`uniacid`),
  KEY `bindhost` (`bindhost`)
) ENGINE=MyISAM  DEFAULT CHARSET=utf8 AUTO_INCREMENT=2 ;

--
-- 转存表中的数据 `ims_site_multi`
--

INSERT INTO `ims_site_multi` (`id`, `uniacid`, `title`, `styleid`, `site_info`, `status`, `bindhost`) VALUES
(1, 1, '微擎团队', 1, '', 1, '');

-- --------------------------------------------------------

--
-- 表的结构 `ims_site_nav`
--

CREATE TABLE IF NOT EXISTS `ims_site_nav` (
  `id` int(10) unsigned NOT NULL AUTO_INCREMENT,
  `uniacid` int(10) unsigned NOT NULL,
  `multiid` int(10) unsigned NOT NULL,
  `section` tinyint(4) NOT NULL,
  `module` varchar(50) NOT NULL,
  `displayorder` smallint(5) unsigned NOT NULL,
  `name` varchar(50) NOT NULL,
  `description` varchar(1000) NOT NULL,
  `position` tinyint(4) NOT NULL,
  `url` varchar(255) NOT NULL,
  `icon` varchar(500) NOT NULL,
  `css` varchar(1000) NOT NULL,
  `status` tinyint(1) unsigned NOT NULL,
  `categoryid` int(10) unsigned NOT NULL,
  PRIMARY KEY (`id`),
  KEY `uniacid` (`uniacid`),
  KEY `multiid` (`multiid`)
) ENGINE=MyISAM DEFAULT CHARSET=utf8 AUTO_INCREMENT=1 ;

-- --------------------------------------------------------

--
-- 表的结构 `ims_site_page`
--

CREATE TABLE IF NOT EXISTS `ims_site_page` (
  `id` int(10) unsigned NOT NULL AUTO_INCREMENT,
  `uniacid` int(10) unsigned NOT NULL,
  `multiid` int(10) unsigned NOT NULL,
  `title` varchar(50) NOT NULL,
  `description` varchar(255) NOT NULL,
  `params` longtext NOT NULL,
  `html` longtext NOT NULL,
  `type` tinyint(1) unsigned NOT NULL,
  `status` tinyint(1) unsigned NOT NULL,
  `createtime` int(10) unsigned NOT NULL,
  PRIMARY KEY (`id`),
  KEY `uniacid` (`uniacid`),
  KEY `multiid` (`multiid`)
) ENGINE=MyISAM  DEFAULT CHARSET=utf8 AUTO_INCREMENT=2 ;

--
-- 转存表中的数据 `ims_site_page`
--

INSERT INTO `ims_site_page` (`id`, `uniacid`, `multiid`, `title`, `description`, `params`, `html`, `type`, `status`, `createtime`) VALUES
(1, 1, 0, '快捷菜单', '', '{"navStyle":"2","bgColor":"#f4f4f4","menus":[{"title":"\\u4f1a\\u5458\\u5361","url":".\\/index.php?c=mc&a=bond&do=card&i=1","submenus":[],"icon":{"name":"fa fa-credit-card","color":"#969696"},"image":"","hoverimage":"","hovericon":[]},{"title":"\\u5151\\u6362","url":".\\/index.php?c=activity&a=coupon&do=display&&i=1","submenus":[],"icon":{"name":"fa fa-money","color":"#969696"},"image":"","hoverimage":"","hovericon":[]},{"title":"\\u4ed8\\u6b3e","url":"\\" data-target=\\"#scan\\" data-toggle=\\"modal\\" href=\\"javascript:void();","submenus":[],"icon":{"name":"fa fa-qrcode","color":"#969696"},"image":"","hoverimage":"","hovericon":""},{"title":"\\u4e2a\\u4eba\\u4e2d\\u5fc3","url":".\\/index.php?i=1&c=mc&","submenus":[],"icon":{"name":"fa fa-user","color":"#969696"},"image":"","hoverimage":"","hovericon":[]}],"extend":[],"position":{"homepage":true,"usercenter":true,"page":true,"article":true},"ignoreModules":[]}', '<div style="background-color: rgb(244, 244, 244);" class="js-quickmenu nav-menu-app has-nav-0  has-nav-4"   ><ul class="nav-group clearfix"><li class="nav-group-item " ><a href="./index.php?c=mc&a=bond&do=card&i=1" style="background-position: center 2px;" ><i style="color: rgb(150, 150, 150);"  class="fa fa-credit-card"  js-onclass-name="" js-onclass-color="" ></i><span style="color: rgb(150, 150, 150);" class=""  js-onclass-color="">会员卡</span></a></li><li class="nav-group-item " ><a href="./index.php?c=activity&a=coupon&do=display&&i=1" style="background-position: center 2px;" ><i style="color: rgb(150, 150, 150);"  class="fa fa-money"  js-onclass-name="" js-onclass-color="" ></i><span style="color: rgb(150, 150, 150);" class=""  js-onclass-color="">兑换</span></a></li><li class="nav-group-item " ><a href="" data-target="#scan" data-toggle="modal" href="javascript:void();" style="background-position: center 2px;" ><i style="color: rgb(150, 150, 150);"  class="fa fa-qrcode"  js-onclass-name="" js-onclass-color="" ></i><span style="color: rgb(150, 150, 150);" class=""  js-onclass-color="">付款</span></a></li><li class="nav-group-item " ><a href="./index.php?i=1&c=mc&" style="background-position: center 2px;" ><i style="color: rgb(150, 150, 150);"  class="fa fa-user"  js-onclass-name="" js-onclass-color="" ></i><span style="color: rgb(150, 150, 150);" class=""  js-onclass-color="">个人中心</span></a></li></ul></div>', 4, 1, 1440242655);

-- --------------------------------------------------------

--
-- 表的结构 `ims_site_slide`
--

CREATE TABLE IF NOT EXISTS `ims_site_slide` (
  `id` int(10) unsigned NOT NULL AUTO_INCREMENT,
  `uniacid` int(10) unsigned NOT NULL,
  `multiid` int(10) unsigned NOT NULL,
  `title` varchar(255) NOT NULL,
  `url` varchar(255) NOT NULL,
  `thumb` varchar(255) NOT NULL,
  `displayorder` tinyint(4) NOT NULL,
  PRIMARY KEY (`id`),
  KEY `uniacid` (`uniacid`),
  KEY `multiid` (`multiid`)
) ENGINE=MyISAM DEFAULT CHARSET=utf8 AUTO_INCREMENT=1 ;

-- --------------------------------------------------------

--
-- 表的结构 `ims_site_styles`
--

CREATE TABLE IF NOT EXISTS `ims_site_styles` (
  `id` int(10) unsigned NOT NULL AUTO_INCREMENT,
  `uniacid` int(10) unsigned NOT NULL,
  `templateid` int(10) unsigned NOT NULL,
  `name` varchar(50) NOT NULL,
  PRIMARY KEY (`id`)
) ENGINE=MyISAM  DEFAULT CHARSET=utf8 AUTO_INCREMENT=2 ;

--
-- 转存表中的数据 `ims_site_styles`
--

INSERT INTO `ims_site_styles` (`id`, `uniacid`, `templateid`, `name`) VALUES
(1, 1, 1, '微站默认模板_gC5C');

-- --------------------------------------------------------

--
-- 表的结构 `ims_site_styles_vars`
--

CREATE TABLE IF NOT EXISTS `ims_site_styles_vars` (
  `id` int(10) unsigned NOT NULL AUTO_INCREMENT,
  `uniacid` int(10) unsigned NOT NULL,
  `templateid` int(10) unsigned NOT NULL,
  `styleid` int(10) unsigned NOT NULL,
  `variable` varchar(50) NOT NULL,
  `content` text NOT NULL,
  `description` varchar(50) NOT NULL,
  PRIMARY KEY (`id`)
) ENGINE=MyISAM DEFAULT CHARSET=utf8 AUTO_INCREMENT=1 ;

-- --------------------------------------------------------

--
-- 表的结构 `ims_site_templates`
--

CREATE TABLE IF NOT EXISTS `ims_site_templates` (
  `id` int(10) unsigned NOT NULL AUTO_INCREMENT,
  `name` varchar(30) NOT NULL,
  `title` varchar(30) NOT NULL,
  `version` varchar(64) NOT NULL,
  `description` varchar(500) NOT NULL,
  `author` varchar(50) NOT NULL,
  `url` varchar(255) NOT NULL,
  `type` varchar(20) NOT NULL,
  `sections` int(10) unsigned NOT NULL,
  PRIMARY KEY (`id`)
) ENGINE=MyISAM  DEFAULT CHARSET=utf8 AUTO_INCREMENT=2 ;

--
-- 转存表中的数据 `ims_site_templates`
--

INSERT INTO `ims_site_templates` (`id`, `name`, `title`, `version`, `description`, `author`, `url`, `type`, `sections`) VALUES
(1, 'default', '微站默认模板', '', '由微擎提供默认微站模板套系', '微擎团队', 'http://we7.cc', '1', 0);

-- --------------------------------------------------------

--
-- 表的结构 `ims_stat_fans`
--

CREATE TABLE IF NOT EXISTS `ims_stat_fans` (
  `id` int(10) unsigned NOT NULL AUTO_INCREMENT,
  `uniacid` int(10) unsigned NOT NULL,
  `new` int(10) unsigned NOT NULL,
  `cancel` int(10) unsigned NOT NULL,
  `cumulate` int(10) NOT NULL,
  `date` varchar(8) NOT NULL,
  PRIMARY KEY (`id`),
  KEY `uniacid` (`uniacid`,`date`)
) ENGINE=MyISAM  DEFAULT CHARSET=utf8 AUTO_INCREMENT=26 ;

--
-- 转存表中的数据 `ims_stat_fans`
--

INSERT INTO `ims_stat_fans` (`id`, `uniacid`, `new`, `cancel`, `cumulate`, `date`) VALUES
(1, 1, 0, 0, 0, '20160203'),
(2, 1, 0, 0, 0, '20160204'),
(3, 1, 0, 0, 0, '20160205'),
(4, 1, 0, 0, 0, '20160206'),
(5, 1, 0, 0, 0, '20160213'),
(6, 1, 0, 0, 0, '20160214'),
(7, 1, 0, 0, 0, '20160221'),
(8, 1, 0, 0, 0, '20160222'),
(9, 1, 0, 0, 0, '20160223'),
(10, 1, 0, 0, 0, '20160224'),
(11, 1, 0, 0, 0, '20160226'),
(12, 1, 0, 0, 0, '20160227'),
(13, 1, 0, 0, 0, '20160228'),
(14, 1, 0, 0, 0, '20160302'),
(15, 1, 0, 0, 0, '20160303'),
(16, 1, 0, 0, 0, '20160304'),
(17, 1, 0, 0, 0, '20160305'),
(18, 1, 0, 0, 0, '20160306'),
(19, 1, 0, 0, 0, '20160309'),
(20, 1, 0, 0, 0, '20160311'),
(21, 1, 0, 0, 0, '20160312'),
(22, 1, 0, 0, 0, '20160324'),
(23, 1, 0, 0, 0, '20160325'),
(24, 1, 0, 0, 0, '20160327'),
(25, 1, 0, 0, 0, '20160328');

-- --------------------------------------------------------

--
-- 表的结构 `ims_stat_keyword`
--

CREATE TABLE IF NOT EXISTS `ims_stat_keyword` (
  `id` int(10) unsigned NOT NULL AUTO_INCREMENT,
  `uniacid` int(10) unsigned NOT NULL,
  `rid` varchar(10) NOT NULL,
  `kid` int(10) unsigned NOT NULL,
  `hit` int(10) unsigned NOT NULL,
  `lastupdate` int(10) unsigned NOT NULL,
  `createtime` int(10) unsigned NOT NULL,
  PRIMARY KEY (`id`),
  KEY `idx_createtime` (`createtime`)
) ENGINE=MyISAM DEFAULT CHARSET=utf8 AUTO_INCREMENT=1 ;

-- --------------------------------------------------------

--
-- 表的结构 `ims_stat_msg_history`
--

CREATE TABLE IF NOT EXISTS `ims_stat_msg_history` (
  `id` int(10) unsigned NOT NULL AUTO_INCREMENT,
  `uniacid` int(10) unsigned NOT NULL,
  `rid` int(10) unsigned NOT NULL,
  `kid` int(10) unsigned NOT NULL,
  `from_user` varchar(50) NOT NULL,
  `module` varchar(50) NOT NULL,
  `message` varchar(1000) NOT NULL,
  `type` varchar(10) NOT NULL,
  `createtime` int(10) unsigned NOT NULL,
  PRIMARY KEY (`id`),
  KEY `idx_createtime` (`createtime`)
) ENGINE=MyISAM DEFAULT CHARSET=utf8 AUTO_INCREMENT=1 ;

-- --------------------------------------------------------

--
-- 表的结构 `ims_stat_rule`
--

CREATE TABLE IF NOT EXISTS `ims_stat_rule` (
  `id` int(10) unsigned NOT NULL AUTO_INCREMENT,
  `uniacid` int(10) unsigned NOT NULL,
  `rid` int(10) unsigned NOT NULL,
  `hit` int(10) unsigned NOT NULL,
  `lastupdate` int(10) unsigned NOT NULL,
  `createtime` int(10) unsigned NOT NULL,
  PRIMARY KEY (`id`),
  KEY `idx_createtime` (`createtime`)
) ENGINE=MyISAM DEFAULT CHARSET=utf8 AUTO_INCREMENT=1 ;

-- --------------------------------------------------------

--
-- 表的结构 `ims_sz_yi_adv`
--

CREATE TABLE IF NOT EXISTS `ims_sz_yi_adv` (
  `id` int(11) NOT NULL AUTO_INCREMENT,
  `uniacid` int(11) DEFAULT '0',
  `advname` varchar(50) DEFAULT '',
  `link` varchar(255) DEFAULT '',
  `thumb` varchar(255) DEFAULT '',
  `displayorder` int(11) DEFAULT '0',
  `enabled` int(11) DEFAULT '0',
  PRIMARY KEY (`id`),
  KEY `idx_uniacid` (`uniacid`),
  KEY `idx_enabled` (`enabled`),
  KEY `idx_displayorder` (`displayorder`)
) ENGINE=MyISAM DEFAULT CHARSET=utf8 AUTO_INCREMENT=1 ;

-- --------------------------------------------------------

--
-- 表的结构 `ims_sz_yi_af_supplier`
--

CREATE TABLE IF NOT EXISTS `ims_sz_yi_af_supplier` (
  `id` int(11) NOT NULL AUTO_INCREMENT,
  `openid` varchar(255) CHARACTER SET utf8 NOT NULL,
  `uniacid` int(11) NOT NULL,
  `realname` varchar(55) CHARACTER SET utf8 NOT NULL,
  `mobile` varchar(255) CHARACTER SET utf8 NOT NULL,
  `weixin` varchar(255) CHARACTER SET utf8 NOT NULL,
  `productname` varchar(255) CHARACTER SET utf8 NOT NULL,
  PRIMARY KEY (`id`)
) ENGINE=MyISAM DEFAULT CHARSET=latin1 AUTO_INCREMENT=1 ;

-- --------------------------------------------------------

--
-- 表的结构 `ims_sz_yi_article`
--

CREATE TABLE IF NOT EXISTS `ims_sz_yi_article` (
  `id` int(11) NOT NULL AUTO_INCREMENT,
  `article_title` varchar(255) NOT NULL DEFAULT '' COMMENT '文章标题',
  `resp_desc` text NOT NULL COMMENT '回复介绍',
  `resp_img` text NOT NULL COMMENT '回复图片',
  `article_content` longtext,
  `article_category` int(11) NOT NULL DEFAULT '0' COMMENT '文章分类',
  `article_date_v` varchar(20) NOT NULL DEFAULT '' COMMENT '虚拟发布时间',
  `article_date` varchar(20) NOT NULL DEFAULT '' COMMENT '文章发布时间',
  `article_mp` varchar(50) NOT NULL DEFAULT '' COMMENT '公众号',
  `article_author` varchar(20) NOT NULL DEFAULT '' COMMENT '发布作者',
  `article_readnum_v` int(11) NOT NULL DEFAULT '0' COMMENT '虚拟阅读量',
  `article_readnum` int(11) NOT NULL DEFAULT '0' COMMENT '真实阅读量',
  `article_likenum_v` int(11) NOT NULL DEFAULT '0' COMMENT '虚拟点赞数',
  `article_likenum` int(11) NOT NULL DEFAULT '0' COMMENT '真实点赞数',
  `article_linkurl` varchar(300) NOT NULL DEFAULT '' COMMENT '阅读原文链接',
  `article_rule_daynum` int(11) NOT NULL DEFAULT '0' COMMENT '每人每天参与次数',
  `article_rule_allnum` int(11) NOT NULL DEFAULT '0' COMMENT '所有参与次数',
  `article_rule_credit` int(11) NOT NULL DEFAULT '0' COMMENT '增加y积分',
  `article_rule_money` decimal(10,2) NOT NULL DEFAULT '0.00' COMMENT '增加z余额',
  `page_set_option_nocopy` int(1) NOT NULL DEFAULT '0' COMMENT '页面禁止复制url',
  `page_set_option_noshare_tl` int(1) NOT NULL DEFAULT '0' COMMENT '页面禁止分享至朋友圈',
  `page_set_option_noshare_msg` int(1) NOT NULL DEFAULT '0' COMMENT '页面禁止发送给好友',
  `article_keyword` varchar(255) NOT NULL DEFAULT '' COMMENT '页面关键字',
  `article_report` int(1) NOT NULL DEFAULT '0' COMMENT '举报按钮',
  `product_advs_type` int(1) NOT NULL DEFAULT '0' COMMENT '营销显示产品',
  `product_advs_title` varchar(255) NOT NULL DEFAULT '' COMMENT '营销产品标题',
  `product_advs_more` varchar(255) NOT NULL DEFAULT '' COMMENT '推广产品底部标题',
  `product_advs_link` varchar(255) NOT NULL DEFAULT '' COMMENT '推广产品底部链接',
  `product_advs` text NOT NULL COMMENT '营销商品',
  `article_state` int(1) NOT NULL DEFAULT '0',
  `network_attachment` varchar(255) DEFAULT '',
  `uniacid` int(11) NOT NULL DEFAULT '0',
  PRIMARY KEY (`id`),
  KEY `idx_article_title` (`article_title`),
  KEY `idx_article_content` (`article_content`(10)),
  KEY `idx_article_keyword` (`article_keyword`),
  KEY `idx_uniacid` (`uniacid`)
) ENGINE=MyISAM DEFAULT CHARSET=utf8 COMMENT='营销文章' AUTO_INCREMENT=1 ;

-- --------------------------------------------------------

--
-- 表的结构 `ims_sz_yi_article_category`
--

CREATE TABLE IF NOT EXISTS `ims_sz_yi_article_category` (
  `id` int(11) NOT NULL AUTO_INCREMENT,
  `category_name` varchar(255) NOT NULL DEFAULT '' COMMENT '分类名称',
  `uniacid` int(11) NOT NULL DEFAULT '0',
  PRIMARY KEY (`id`),
  KEY `idx_uniacid` (`uniacid`),
  KEY `idx_category_name` (`category_name`)
) ENGINE=MyISAM DEFAULT CHARSET=utf8 COMMENT='营销表单分类' AUTO_INCREMENT=1 ;

-- --------------------------------------------------------

--
-- 表的结构 `ims_sz_yi_article_log`
--

CREATE TABLE IF NOT EXISTS `ims_sz_yi_article_log` (
  `id` int(11) NOT NULL AUTO_INCREMENT,
  `aid` int(11) NOT NULL DEFAULT '0' COMMENT '文章id',
  `read` int(11) NOT NULL DEFAULT '0',
  `like` int(11) NOT NULL DEFAULT '0',
  `openid` varchar(255) NOT NULL DEFAULT '' COMMENT '用户openid',
  `uniacid` int(11) NOT NULL DEFAULT '0',
  PRIMARY KEY (`id`),
  KEY `idx_aid` (`aid`),
  KEY `idx_openid` (`openid`),
  KEY `idx_uniacid` (`uniacid`)
) ENGINE=MyISAM DEFAULT CHARSET=utf8 COMMENT='点赞/阅读记录' AUTO_INCREMENT=1 ;

-- --------------------------------------------------------

--
-- 表的结构 `ims_sz_yi_article_report`
--

CREATE TABLE IF NOT EXISTS `ims_sz_yi_article_report` (
  `id` int(11) NOT NULL AUTO_INCREMENT,
  `mid` int(11) NOT NULL DEFAULT '0',
  `openid` varchar(255) NOT NULL DEFAULT '',
  `aid` int(11) DEFAULT '0',
  `cate` varchar(255) NOT NULL DEFAULT '',
  `cons` varchar(255) NOT NULL DEFAULT '',
  `uniacid` int(11) NOT NULL DEFAULT '0',
  PRIMARY KEY (`id`)
) ENGINE=MyISAM DEFAULT CHARSET=utf8 COMMENT='用户举报记录' AUTO_INCREMENT=1 ;

-- --------------------------------------------------------

--
-- 表的结构 `ims_sz_yi_article_share`
--

CREATE TABLE IF NOT EXISTS `ims_sz_yi_article_share` (
  `id` int(11) NOT NULL AUTO_INCREMENT,
  `aid` int(11) NOT NULL DEFAULT '0',
  `share_user` int(11) NOT NULL DEFAULT '0' COMMENT '分享人',
  `click_user` int(11) NOT NULL DEFAULT '0' COMMENT '点击人',
  `click_date` varchar(20) NOT NULL DEFAULT '' COMMENT '执行时间',
  `add_credit` int(11) NOT NULL DEFAULT '0' COMMENT '添加的积分',
  `add_money` decimal(10,2) NOT NULL DEFAULT '0.00' COMMENT '添加的余额',
  `uniacid` int(11) NOT NULL DEFAULT '0',
  PRIMARY KEY (`id`),
  KEY `idx_aid` (`aid`),
  KEY `idx_uniacid` (`uniacid`)
) ENGINE=MyISAM DEFAULT CHARSET=utf8 COMMENT='用户分享数据' AUTO_INCREMENT=1 ;

-- --------------------------------------------------------

--
-- 表的结构 `ims_sz_yi_article_sys`
--

CREATE TABLE IF NOT EXISTS `ims_sz_yi_article_sys` (
  `uniacid` int(11) NOT NULL DEFAULT '0',
  `article_message` varchar(255) NOT NULL DEFAULT '',
  `article_title` varchar(255) NOT NULL DEFAULT '' COMMENT '标题',
  `article_image` varchar(300) NOT NULL DEFAULT '' COMMENT '图片',
  `article_shownum` int(11) NOT NULL DEFAULT '0' COMMENT '每页数量',
  `article_keyword` varchar(255) NOT NULL DEFAULT '' COMMENT '关键字',
  `article_temp` int(11) NOT NULL DEFAULT '0',
  PRIMARY KEY (`uniacid`),
  KEY `idx_article_message` (`article_message`),
  KEY `idx_article_keyword` (`article_keyword`),
  KEY `idx_article_title` (`article_title`)
) ENGINE=MyISAM DEFAULT CHARSET=utf8 COMMENT='文章设置';

-- --------------------------------------------------------

--
-- 表的结构 `ims_sz_yi_bonus`
--

CREATE TABLE IF NOT EXISTS `ims_sz_yi_bonus` (
  `id` int(11) NOT NULL AUTO_INCREMENT,
  `uniacid` int(11) DEFAULT '0',
  `send_bonus_sn` int(11) DEFAULT '0',
  `money` decimal(10,2) DEFAULT '0.00',
  `total` int(11) DEFAULT '0',
  `status` tinyint(1) DEFAULT '0',
  `type` tinyint(1) DEFAULT '0' COMMENT '0 手动 1 自动',
  `paymethod` tinyint(1) DEFAULT '0',
  `isglobal` tinyint(1) DEFAULT '0',
  `sendpay_error` tinyint(1) DEFAULT '0',
  `utime` int(11) DEFAULT '0',
  `ctime` int(11) DEFAULT '0',
  PRIMARY KEY (`id`),
  KEY `idx_uniacid` (`uniacid`)
) ENGINE=MyISAM  DEFAULT CHARSET=utf8 COMMENT='分红明细' AUTO_INCREMENT=2 ;

--
-- 转存表中的数据 `ims_sz_yi_bonus`
--

INSERT INTO `ims_sz_yi_bonus` (`id`, `uniacid`, `send_bonus_sn`, `money`, `total`, `status`, `type`, `paymethod`, `isglobal`, `sendpay_error`, `utime`, `ctime`) VALUES
(1, 1, 1459151431, '0.00', 0, 1, 0, 0, 1, 0, 1459094400, 1459151431);

-- --------------------------------------------------------

--
-- 表的结构 `ims_sz_yi_bonus_goods`
--

CREATE TABLE IF NOT EXISTS `ims_sz_yi_bonus_goods` (
  `id` int(11) NOT NULL AUTO_INCREMENT,
  `uniacid` int(11) DEFAULT '0',
  `ordergoodid` int(11) DEFAULT '0',
  `orderid` int(11) DEFAULT '0',
  `total` int(11) DEFAULT '0',
  `optionname` varchar(100) DEFAULT '',
  `mid` int(11) DEFAULT '0' COMMENT '所有人，分佣者',
  `levelid` int(11) DEFAULT '0' COMMENT '级别id',
  `level` int(11) DEFAULT '0' COMMENT '1/2/3哪一级',
  `money` decimal(10,2) DEFAULT '0.00' COMMENT '应得佣金',
  `status` tinyint(3) DEFAULT '0' COMMENT '申请状态，-2删除，-1无效，0未申请，1申请，2审核通过 3已打款',
  `content` text,
  `applytime` int(11) DEFAULT '0',
  `checktime` int(11) DEFAULT '0',
  `paytime` int(11) DEFAULT '0',
  `invalidtime` int(11) DEFAULT '0',
  `deletetime` int(11) DEFAULT '0',
  `createtime` int(11) DEFAULT '0',
  PRIMARY KEY (`id`),
  KEY `idx_uniacid` (`uniacid`)
) ENGINE=MyISAM DEFAULT CHARSET=utf8 COMMENT='分红单商品表' AUTO_INCREMENT=1 ;

-- --------------------------------------------------------

--
-- 表的结构 `ims_sz_yi_bonus_level`
--

CREATE TABLE IF NOT EXISTS `ims_sz_yi_bonus_level` (
  `id` int(11) NOT NULL AUTO_INCREMENT,
  `uniacid` int(11) DEFAULT '0',
  `levelname` varchar(50) DEFAULT '',
  `agent_money` decimal(10,2) DEFAULT '0.00',
  `pcommission` decimal(10,2) DEFAULT '0.00',
  `commissionmoney` decimal(10,2) DEFAULT '0.00',
  `ordermoney` decimal(10,2) DEFAULT '0.00',
  `downcount` int(10) DEFAULT '0',
  `ordercount` int(10) DEFAULT '0',
  `downcountlevel1` int(10) DEFAULT '0',
  `type` int(11) DEFAULT '0' COMMENT '1为区域代理',
  `level` int(10) DEFAULT '0' COMMENT '等级权重',
  `premier` tinyint(1) DEFAULT '0' COMMENT '0 普通级别 1 最高级别',
  `content` text COMMENT '微信消息提醒追加内容',
  PRIMARY KEY (`id`),
  KEY `idx_uniacid` (`uniacid`)
) ENGINE=MyISAM DEFAULT CHARSET=utf8 COMMENT='分红代理等级表' AUTO_INCREMENT=1 ;

-- --------------------------------------------------------

--
-- 表的结构 `ims_sz_yi_bonus_log`
--

CREATE TABLE IF NOT EXISTS `ims_sz_yi_bonus_log` (
  `id` int(11) NOT NULL AUTO_INCREMENT,
  `uniacid` int(11) DEFAULT '0',
  `openid` varchar(255) DEFAULT '',
  `uid` int(11) DEFAULT '0',
  `money` decimal(10,2) DEFAULT '0.00',
  `logno` varchar(255) DEFAULT '',
  `send_bonus_sn` int(11) DEFAULT '0',
  `paymethod` tinyint(1) DEFAULT '0',
  `isglobal` tinyint(1) DEFAULT '0',
  `status` tinyint(1) DEFAULT '0',
  `sendpay` tinyint(1) DEFAULT '0',
  `ctime` int(11) DEFAULT '0',
  PRIMARY KEY (`id`),
  KEY `idx_uniacid` (`uniacid`)
) ENGINE=MyISAM DEFAULT CHARSET=utf8 COMMENT='分红日志' AUTO_INCREMENT=1 ;

-- --------------------------------------------------------

--
-- 表的结构 `ims_sz_yi_carrier`
--

CREATE TABLE IF NOT EXISTS `ims_sz_yi_carrier` (
  `id` int(11) NOT NULL AUTO_INCREMENT,
  `uniacid` int(11) DEFAULT '0',
  `realname` varchar(50) DEFAULT '',
  `mobile` varchar(50) DEFAULT '',
  `address` varchar(255) DEFAULT '',
  `deleted` tinyint(1) DEFAULT '0',
  `createtime` int(11) DEFAULT '0',
  `displayorder` int(11) DEFAULT '0',
  PRIMARY KEY (`id`),
  KEY `idx_uniacid` (`uniacid`),
  KEY `idx_deleted` (`deleted`),
  KEY `idx_createtime` (`createtime`)
) ENGINE=MyISAM DEFAULT CHARSET=utf8 AUTO_INCREMENT=1 ;

-- --------------------------------------------------------

--
-- 表的结构 `ims_sz_yi_category`
--

CREATE TABLE IF NOT EXISTS `ims_sz_yi_category` (
  `id` int(11) NOT NULL AUTO_INCREMENT,
  `uniacid` int(11) DEFAULT '0' COMMENT '所属帐号',
  `name` varchar(50) DEFAULT NULL COMMENT '分类名称',
  `thumb` varchar(255) DEFAULT NULL COMMENT '分类图片',
  `parentid` int(11) DEFAULT '0' COMMENT '上级分类ID,0为第一级',
  `isrecommand` int(10) DEFAULT '0',
  `description` varchar(500) DEFAULT NULL COMMENT '分类介绍',
  `displayorder` tinyint(3) unsigned DEFAULT '0' COMMENT '排序',
  `enabled` tinyint(1) DEFAULT '1' COMMENT '是否开启',
  `ishome` tinyint(3) DEFAULT '0',
  `advimg` varchar(255) DEFAULT '',
  `advurl` varchar(500) DEFAULT '',
  `level` tinyint(3) DEFAULT '0',
  PRIMARY KEY (`id`),
  KEY `idx_uniacid` (`uniacid`),
  KEY `idx_displayorder` (`displayorder`),
  KEY `idx_enabled` (`enabled`),
  KEY `idx_parentid` (`parentid`),
  KEY `idx_isrecommand` (`isrecommand`),
  KEY `idx_ishome` (`ishome`)
) ENGINE=MyISAM  DEFAULT CHARSET=utf8 AUTO_INCREMENT=3 ;

--
-- 转存表中的数据 `ims_sz_yi_category`
--

INSERT INTO `ims_sz_yi_category` (`id`, `uniacid`, `name`, `thumb`, `parentid`, `isrecommand`, `description`, `displayorder`, `enabled`, `ishome`, `advimg`, `advurl`, `level`) VALUES
(1, 1, '手机数码', '', 0, 0, '手机数码分类', 0, 1, 0, '', '', 1),
(2, 1, '手机', '', 1, 0, '', 0, 1, 0, '', '', 2);

-- --------------------------------------------------------

--
-- 表的结构 `ims_sz_yi_commission_apply`
--

CREATE TABLE IF NOT EXISTS `ims_sz_yi_commission_apply` (
  `id` int(11) NOT NULL AUTO_INCREMENT,
  `uniacid` int(11) DEFAULT '0',
  `applyno` varchar(255) DEFAULT '',
  `mid` int(11) DEFAULT '0' COMMENT '会员ID',
  `type` tinyint(3) DEFAULT '0' COMMENT '0 余额 1 微信',
  `orderids` text,
  `commission` decimal(10,2) DEFAULT '0.00',
  `commission_pay` decimal(10,2) DEFAULT '0.00',
  `content` text,
  `status` tinyint(3) DEFAULT '0' COMMENT '-1 无效 0 未知 1 正在申请 2 审核通过 3 已经打款',
  `applytime` int(11) DEFAULT '0',
  `checktime` int(11) DEFAULT '0',
  `paytime` int(11) DEFAULT '0',
  `invalidtime` int(11) DEFAULT '0',
  PRIMARY KEY (`id`),
  KEY `idx_uniacid` (`uniacid`),
  KEY `idx_mid` (`mid`),
  KEY `idx_checktime` (`checktime`),
  KEY `idx_paytime` (`paytime`),
  KEY `idx_applytime` (`applytime`),
  KEY `idx_status` (`status`),
  KEY `idx_invalidtime` (`invalidtime`)
) ENGINE=MyISAM DEFAULT CHARSET=utf8 AUTO_INCREMENT=1 ;

-- --------------------------------------------------------

--
-- 表的结构 `ims_sz_yi_commission_clickcount`
--

CREATE TABLE IF NOT EXISTS `ims_sz_yi_commission_clickcount` (
  `id` int(11) NOT NULL AUTO_INCREMENT,
  `uniacid` int(11) DEFAULT '0',
  `openid` varchar(255) DEFAULT '',
  `from_openid` varchar(255) DEFAULT '',
  `clicktime` int(11) DEFAULT '0',
  PRIMARY KEY (`id`),
  KEY `idx_uniacid` (`uniacid`),
  KEY `idx_openid` (`openid`),
  KEY `idx_from_openid` (`from_openid`)
) ENGINE=MyISAM DEFAULT CHARSET=utf8 AUTO_INCREMENT=1 ;

-- --------------------------------------------------------

--
-- 表的结构 `ims_sz_yi_commission_level`
--

CREATE TABLE IF NOT EXISTS `ims_sz_yi_commission_level` (
  `id` int(11) NOT NULL AUTO_INCREMENT,
  `uniacid` int(11) NOT NULL,
  `levelname` varchar(50) DEFAULT '',
  `commission1` decimal(10,2) DEFAULT '0.00',
  `commission2` decimal(10,2) DEFAULT '0.00',
  `commission3` decimal(10,2) DEFAULT '0.00',
  `commissionmoney` decimal(10,2) DEFAULT '0.00',
  `ordermoney` decimal(10,2) DEFAULT '0.00',
  `downcount` int(11) DEFAULT '0',
  `ordercount` int(11) DEFAULT '0',
  PRIMARY KEY (`id`),
  KEY `idx_uniacid` (`uniacid`)
) ENGINE=MyISAM DEFAULT CHARSET=utf8 AUTO_INCREMENT=1 ;

-- --------------------------------------------------------

--
-- 表的结构 `ims_sz_yi_commission_log`
--

CREATE TABLE IF NOT EXISTS `ims_sz_yi_commission_log` (
  `id` int(11) NOT NULL AUTO_INCREMENT,
  `uniacid` int(11) DEFAULT '0',
  `applyid` int(11) DEFAULT '0',
  `mid` int(11) DEFAULT '0',
  `commission` decimal(10,2) DEFAULT '0.00',
  `createtime` int(11) DEFAULT '0',
  `commission_pay` decimal(10,2) DEFAULT '0.00',
  PRIMARY KEY (`id`),
  KEY `idx_uniacid` (`uniacid`),
  KEY `idx_applyid` (`applyid`),
  KEY `idx_mid` (`mid`),
  KEY `idx_createtime` (`createtime`)
) ENGINE=MyISAM DEFAULT CHARSET=utf8 AUTO_INCREMENT=1 ;

-- --------------------------------------------------------

--
-- 表的结构 `ims_sz_yi_commission_shop`
--

CREATE TABLE IF NOT EXISTS `ims_sz_yi_commission_shop` (
  `id` int(11) NOT NULL AUTO_INCREMENT,
  `uniacid` int(11) DEFAULT '0',
  `mid` int(11) DEFAULT '0',
  `name` varchar(255) DEFAULT '',
  `logo` varchar(255) DEFAULT '',
  `img` varchar(255) DEFAULT NULL,
  `desc` varchar(255) DEFAULT '',
  `selectgoods` tinyint(3) DEFAULT '0',
  `selectcategory` tinyint(3) DEFAULT '0',
  `goodsids` text,
  PRIMARY KEY (`id`),
  KEY `idx_uniacid` (`uniacid`),
  KEY `idx_mid` (`mid`)
) ENGINE=MyISAM  DEFAULT CHARSET=utf8 AUTO_INCREMENT=2 ;

--
-- 转存表中的数据 `ims_sz_yi_commission_shop`
--

INSERT INTO `ims_sz_yi_commission_shop` (`id`, `uniacid`, `mid`, `name`, `logo`, `img`, `desc`, `selectgoods`, `selectcategory`, `goodsids`) VALUES
(1, 1, 9, '', 'images/1/2016/02/ktaRYlgfl9UDFUDNlhUiuacrFhALuY.gif', 'images/1/2016/02/Rkf2n8I2doY00ouUfkh2ud0fWYz0i0.gif', 'mmmm', 0, 0, NULL);

-- --------------------------------------------------------

--
-- 表的结构 `ims_sz_yi_coupon`
--

CREATE TABLE IF NOT EXISTS `ims_sz_yi_coupon` (
  `id` int(11) NOT NULL AUTO_INCREMENT,
  `uniacid` int(11) DEFAULT '0',
  `catid` int(11) DEFAULT '0',
  `couponname` varchar(255) DEFAULT '',
  `gettype` tinyint(3) DEFAULT '0',
  `getmax` int(11) DEFAULT '0',
  `usetype` tinyint(3) DEFAULT '0' COMMENT '消费方式 0 付款使用 1 下单使用',
  `returntype` tinyint(3) DEFAULT '0' COMMENT '退回方式 0 不可退回 1 取消订单(未付款) 2.退款可以退回',
  `bgcolor` varchar(255) DEFAULT '',
  `enough` decimal(10,2) DEFAULT '0.00',
  `timelimit` tinyint(3) DEFAULT '0' COMMENT '0 领取后几天有效 1 时间范围',
  `coupontype` tinyint(3) DEFAULT '0' COMMENT '0 优惠券 1 充值券',
  `timedays` int(11) DEFAULT '0',
  `timestart` int(11) DEFAULT '0',
  `timeend` int(11) DEFAULT '0',
  `discount` decimal(10,2) DEFAULT '0.00' COMMENT '折扣',
  `deduct` decimal(10,2) DEFAULT '0.00' COMMENT '抵扣',
  `backtype` tinyint(3) DEFAULT '0',
  `backmoney` varchar(50) DEFAULT '' COMMENT '返现',
  `backcredit` varchar(50) DEFAULT '' COMMENT '返积分',
  `backredpack` varchar(50) DEFAULT '',
  `backwhen` tinyint(3) DEFAULT '0',
  `thumb` varchar(255) DEFAULT '',
  `desc` text,
  `createtime` int(11) DEFAULT '0',
  `total` int(11) DEFAULT '0' COMMENT '数量 -1 不限制',
  `status` tinyint(3) DEFAULT '0' COMMENT '可用',
  `money` decimal(10,2) DEFAULT '0.00' COMMENT '购买价格',
  `respdesc` text COMMENT '推送描述',
  `respthumb` varchar(255) DEFAULT '' COMMENT '推送图片',
  `resptitle` varchar(255) DEFAULT '' COMMENT '推送标题',
  `respurl` varchar(255) DEFAULT '',
  `credit` int(11) DEFAULT '0',
  `usecredit2` tinyint(3) DEFAULT '0',
  `remark` varchar(1000) DEFAULT '',
  `descnoset` tinyint(3) DEFAULT '0',
  `pwdkey` varchar(255) DEFAULT '',
  `pwdsuc` text,
  `pwdfail` text,
  `pwdurl` varchar(255) DEFAULT '',
  `pwdask` text,
  `pwdstatus` tinyint(3) DEFAULT '0',
  `pwdtimes` int(11) DEFAULT '0',
  `pwdfull` text,
  `pwdwords` text,
  `pwdopen` tinyint(3) DEFAULT '0',
  `pwdown` text,
  `pwdexit` varchar(255) DEFAULT '',
  `pwdexitstr` text,
  `displayorder` int(11) DEFAULT '0',
  PRIMARY KEY (`id`),
  KEY `idx_uniacid` (`uniacid`),
  KEY `idx_coupontype` (`coupontype`),
  KEY `idx_timestart` (`timestart`),
  KEY `idx_timeend` (`timeend`),
  KEY `idx_timelimit` (`timelimit`),
  KEY `idx_status` (`status`),
  KEY `idx_givetype` (`backtype`),
  KEY `idx_catid` (`catid`)
) ENGINE=MyISAM DEFAULT CHARSET=utf8 AUTO_INCREMENT=1 ;

-- --------------------------------------------------------

--
-- 表的结构 `ims_sz_yi_coupon_category`
--

CREATE TABLE IF NOT EXISTS `ims_sz_yi_coupon_category` (
  `id` int(11) NOT NULL AUTO_INCREMENT,
  `uniacid` int(11) DEFAULT '0',
  `name` varchar(255) DEFAULT '',
  `displayorder` int(11) DEFAULT '0',
  `status` int(11) DEFAULT '0',
  PRIMARY KEY (`id`),
  KEY `idx_uniacid` (`uniacid`),
  KEY `idx_displayorder` (`displayorder`),
  KEY `idx_status` (`status`)
) ENGINE=MyISAM DEFAULT CHARSET=utf8 AUTO_INCREMENT=1 ;

-- --------------------------------------------------------

--
-- 表的结构 `ims_sz_yi_coupon_data`
--

CREATE TABLE IF NOT EXISTS `ims_sz_yi_coupon_data` (
  `id` int(11) NOT NULL AUTO_INCREMENT,
  `uniacid` int(11) DEFAULT '0',
  `openid` varchar(255) DEFAULT '',
  `couponid` int(11) DEFAULT '0',
  `gettype` tinyint(3) DEFAULT '0' COMMENT '获取方式 0 发放 1 领取 2 积分商城',
  `used` int(11) DEFAULT '0',
  `usetime` int(11) DEFAULT '0',
  `gettime` int(11) DEFAULT '0' COMMENT '获取时间',
  `senduid` int(11) DEFAULT '0',
  `ordersn` varchar(255) DEFAULT '',
  `back` tinyint(3) DEFAULT '0',
  `backtime` int(11) DEFAULT '0',
  PRIMARY KEY (`id`),
  KEY `idx_couponid` (`couponid`),
  KEY `idx_gettype` (`gettype`)
) ENGINE=MyISAM DEFAULT CHARSET=utf8 AUTO_INCREMENT=1 ;

-- --------------------------------------------------------

--
-- 表的结构 `ims_sz_yi_coupon_guess`
--

CREATE TABLE IF NOT EXISTS `ims_sz_yi_coupon_guess` (
  `id` int(11) NOT NULL AUTO_INCREMENT,
  `uniacid` int(11) DEFAULT '0',
  `couponid` int(11) DEFAULT '0',
  `openid` varchar(255) DEFAULT '',
  `times` int(11) DEFAULT '0',
  `pwdkey` varchar(255) DEFAULT '',
  `ok` tinyint(3) DEFAULT '0',
  PRIMARY KEY (`id`),
  KEY `idx_uniacid` (`uniacid`),
  KEY `idx_couponid` (`couponid`)
) ENGINE=MyISAM DEFAULT CHARSET=utf8 AUTO_INCREMENT=1 ;

-- --------------------------------------------------------

--
-- 表的结构 `ims_sz_yi_coupon_log`
--

CREATE TABLE IF NOT EXISTS `ims_sz_yi_coupon_log` (
  `id` int(11) NOT NULL AUTO_INCREMENT,
  `uniacid` int(11) DEFAULT '0',
  `logno` varchar(255) DEFAULT '',
  `openid` varchar(255) DEFAULT '',
  `couponid` int(11) DEFAULT '0',
  `status` int(11) DEFAULT '0',
  `paystatus` tinyint(3) DEFAULT '0',
  `creditstatus` tinyint(3) DEFAULT '0',
  `createtime` int(11) DEFAULT '0',
  `paytype` tinyint(3) DEFAULT '0',
  `getfrom` tinyint(3) DEFAULT '0' COMMENT '0 发放 1 中心 2 积分兑换',
  PRIMARY KEY (`id`),
  KEY `idx_uniacid` (`uniacid`),
  KEY `idx_couponid` (`couponid`),
  KEY `idx_status` (`status`),
  KEY `idx_paystatus` (`paystatus`),
  KEY `idx_createtime` (`createtime`),
  KEY `idx_getfrom` (`getfrom`)
) ENGINE=MyISAM DEFAULT CHARSET=utf8 AUTO_INCREMENT=1 ;

-- --------------------------------------------------------

--
-- 表的结构 `ims_sz_yi_creditshop_adv`
--

CREATE TABLE IF NOT EXISTS `ims_sz_yi_creditshop_adv` (
  `id` int(11) NOT NULL AUTO_INCREMENT,
  `uniacid` int(11) DEFAULT '0',
  `advname` varchar(50) DEFAULT '',
  `link` varchar(255) DEFAULT '',
  `thumb` varchar(255) DEFAULT '',
  `displayorder` int(11) DEFAULT '0',
  `enabled` int(11) DEFAULT '0',
  PRIMARY KEY (`id`),
  KEY `idx_uniacid` (`uniacid`),
  KEY `idx_enabled` (`enabled`),
  KEY `idx_displayorder` (`displayorder`)
) ENGINE=MyISAM DEFAULT CHARSET=utf8 AUTO_INCREMENT=1 ;

-- --------------------------------------------------------

--
-- 表的结构 `ims_sz_yi_creditshop_category`
--

CREATE TABLE IF NOT EXISTS `ims_sz_yi_creditshop_category` (
  `id` int(11) NOT NULL AUTO_INCREMENT,
  `uniacid` int(11) DEFAULT '0' COMMENT '所属帐号',
  `name` varchar(50) DEFAULT NULL COMMENT '分类名称',
  `thumb` varchar(255) DEFAULT NULL COMMENT '分类图片',
  `displayorder` tinyint(3) unsigned DEFAULT '0' COMMENT '排序',
  `enabled` tinyint(1) DEFAULT '1' COMMENT '是否开启',
  `advimg` varchar(255) DEFAULT '',
  `advurl` varchar(500) DEFAULT '',
  `isrecommand` tinyint(3) DEFAULT '0',
  PRIMARY KEY (`id`),
  KEY `idx_uniacid` (`uniacid`),
  KEY `idx_displayorder` (`displayorder`),
  KEY `idx_enabled` (`enabled`)
) ENGINE=MyISAM DEFAULT CHARSET=utf8 AUTO_INCREMENT=1 ;

-- --------------------------------------------------------

--
-- 表的结构 `ims_sz_yi_creditshop_goods`
--

CREATE TABLE IF NOT EXISTS `ims_sz_yi_creditshop_goods` (
  `id` int(11) NOT NULL AUTO_INCREMENT,
  `uniacid` int(11) DEFAULT '0',
  `displayorder` int(11) DEFAULT '0',
  `title` varchar(255) DEFAULT '',
  `cate` int(11) DEFAULT '0',
  `thumb` varchar(255) DEFAULT '',
  `price` decimal(10,2) DEFAULT '0.00',
  `type` tinyint(3) DEFAULT '0',
  `credit` int(11) DEFAULT '0',
  `money` decimal(10,2) DEFAULT '0.00',
  `total` int(11) DEFAULT '0',
  `totalday` int(11) DEFAULT '0',
  `chance` int(11) DEFAULT '0',
  `chanceday` int(11) DEFAULT '0',
  `detail` text,
  `rate1` int(11) DEFAULT '0',
  `rate2` int(11) DEFAULT '0',
  `endtime` int(11) DEFAULT '0',
  `joins` int(11) DEFAULT '0',
  `views` int(11) DEFAULT '0',
  `createtime` int(11) DEFAULT '0',
  `status` tinyint(3) DEFAULT '0',
  `deleted` tinyint(3) DEFAULT '0',
  `showlevels` text,
  `buylevels` text,
  `showgroups` text,
  `buygroups` text,
  `vip` tinyint(3) DEFAULT '0',
  `istop` tinyint(3) DEFAULT '0',
  `isrecommand` tinyint(3) DEFAULT '0',
  `istime` tinyint(3) DEFAULT '0',
  `timestart` int(11) DEFAULT '0',
  `timeend` int(11) DEFAULT '0',
  `share_title` varchar(255) DEFAULT '',
  `share_icon` varchar(255) DEFAULT '',
  `share_desc` varchar(500) DEFAULT '',
  `followneed` tinyint(3) DEFAULT '0',
  `followtext` varchar(255) DEFAULT '',
  `subtitle` varchar(255) DEFAULT '',
  `subdetail` text,
  `noticedetail` text,
  `usedetail` varchar(255) DEFAULT '',
  `goodsdetail` text,
  `isendtime` tinyint(3) DEFAULT '0',
  `usecredit2` tinyint(3) DEFAULT '0',
  `area` varchar(255) DEFAULT '',
  `dispatch` decimal(10,2) DEFAULT '0.00',
  `storeids` text,
  `noticeopenid` varchar(255) DEFAULT '',
  `noticetype` tinyint(3) DEFAULT '0',
  `isverify` tinyint(3) DEFAULT '0',
  `goodstype` tinyint(3) DEFAULT '0',
  `couponid` int(11) DEFAULT '0',
  PRIMARY KEY (`id`),
  KEY `idx_uniacid` (`uniacid`),
  KEY `idx_type` (`type`),
  KEY `idx_endtime` (`endtime`),
  KEY `idx_createtime` (`createtime`),
  KEY `idx_status` (`status`),
  KEY `idx_displayorder` (`displayorder`),
  KEY `idx_deleted` (`deleted`),
  KEY `idx_istop` (`istop`),
  KEY `idx_isrecommand` (`isrecommand`),
  KEY `idx_istime` (`istime`),
  KEY `idx_timestart` (`timestart`),
  KEY `idx_timeend` (`timeend`),
  KEY `idx_goodstype` (`goodstype`)
) ENGINE=MyISAM DEFAULT CHARSET=utf8 AUTO_INCREMENT=1 ;

-- --------------------------------------------------------

--
-- 表的结构 `ims_sz_yi_creditshop_log`
--

CREATE TABLE IF NOT EXISTS `ims_sz_yi_creditshop_log` (
  `id` int(11) NOT NULL AUTO_INCREMENT,
  `uniacid` int(11) DEFAULT '0',
  `logno` varchar(255) DEFAULT '',
  `eno` varchar(255) DEFAULT '' COMMENT '兑换码',
  `openid` varchar(255) DEFAULT '',
  `goodsid` int(11) DEFAULT '0',
  `createtime` int(11) DEFAULT '0',
  `status` tinyint(3) DEFAULT '0' COMMENT '0 只生成记录未参加 1 未中奖 2 已中奖 3 已发奖',
  `paystatus` tinyint(3) DEFAULT '0' COMMENT '支付状态 -1 不需要支付 0 未支付 1 已支付',
  `paytype` tinyint(3) DEFAULT '-1' COMMENT '支付类型 -1 不需要支付 0 余额 1 微信',
  `dispatchstatus` tinyint(3) DEFAULT '0' COMMENT '运费状态 -1 不需要运费 0 未支付 1 已支付',
  `creditpay` tinyint(3) DEFAULT '0' COMMENT '积分支付 0 未支付 1 已支付',
  `addressid` int(11) DEFAULT '0' COMMENT '收货地址',
  `dispatchno` varchar(255) DEFAULT '' COMMENT '运费支付单号',
  `usetime` int(11) DEFAULT '0',
  `express` varchar(255) DEFAULT '',
  `expresssn` varchar(255) DEFAULT '',
  `expresscom` varchar(255) DEFAULT '',
  `verifyopenid` varchar(255) DEFAULT '',
  `storeid` int(11) DEFAULT '0',
  `realname` varchar(255) DEFAULT '',
  `mobile` varchar(255) DEFAULT '',
  `couponid` int(11) DEFAULT '0',
  `dupdate1` tinyint(3) DEFAULT '0',
  PRIMARY KEY (`id`)
) ENGINE=MyISAM DEFAULT CHARSET=utf8 AUTO_INCREMENT=1 ;

-- --------------------------------------------------------

--
-- 表的结构 `ims_sz_yi_designer`
--

CREATE TABLE IF NOT EXISTS `ims_sz_yi_designer` (
  `id` int(11) NOT NULL AUTO_INCREMENT,
  `uniacid` int(11) NOT NULL DEFAULT '0' COMMENT '公众号',
  `pagename` varchar(255) NOT NULL DEFAULT '' COMMENT '页面名称',
  `pagetype` tinyint(3) NOT NULL DEFAULT '0' COMMENT '页面类型',
  `pageinfo` text NOT NULL,
  `createtime` varchar(255) NOT NULL DEFAULT '' COMMENT '页面创建时间',
  `keyword` varchar(255) DEFAULT '',
  `savetime` varchar(255) NOT NULL DEFAULT '' COMMENT '页面最后保存时间',
  `setdefault` tinyint(3) NOT NULL DEFAULT '0' COMMENT '默认页面',
  `datas` text NOT NULL COMMENT '数据',
  PRIMARY KEY (`id`),
  KEY `idx_uniacid` (`uniacid`),
  KEY `idx_pagetype` (`pagetype`),
  FULLTEXT KEY `idx_keyword` (`keyword`)
) ENGINE=MyISAM DEFAULT CHARSET=utf8 AUTO_INCREMENT=1 ;

-- --------------------------------------------------------

--
-- 表的结构 `ims_sz_yi_designer_menu`
--

CREATE TABLE IF NOT EXISTS `ims_sz_yi_designer_menu` (
  `id` int(11) NOT NULL AUTO_INCREMENT,
  `uniacid` int(11) DEFAULT '0',
  `menuname` varchar(255) DEFAULT '',
  `isdefault` tinyint(3) DEFAULT '0',
  `createtime` int(11) DEFAULT '0',
  `menus` text,
  `params` text,
  PRIMARY KEY (`id`),
  KEY `idx_uniacid` (`uniacid`),
  KEY `idx_isdefault` (`isdefault`),
  KEY `idx_createtime` (`createtime`)
) ENGINE=MyISAM DEFAULT CHARSET=utf8 AUTO_INCREMENT=1 ;

-- --------------------------------------------------------

--
-- 表的结构 `ims_sz_yi_dispatch`
--

CREATE TABLE IF NOT EXISTS `ims_sz_yi_dispatch` (
  `id` int(11) NOT NULL AUTO_INCREMENT,
  `uniacid` int(11) DEFAULT '0',
  `dispatchname` varchar(50) DEFAULT '',
  `dispatchtype` int(11) DEFAULT '0',
  `displayorder` int(11) DEFAULT '0',
  `firstprice` decimal(10,2) DEFAULT '0.00',
  `secondprice` decimal(10,2) DEFAULT '0.00',
  `firstweight` int(11) DEFAULT '0',
  `secondweight` int(11) DEFAULT '0',
  `express` varchar(250) DEFAULT '',
  `areas` text,
  `carriers` text,
  `enabled` int(11) DEFAULT '0',
  PRIMARY KEY (`id`),
  KEY `idx_uniacid` (`uniacid`),
  KEY `idx_displayorder` (`displayorder`)
) ENGINE=MyISAM  DEFAULT CHARSET=utf8 AUTO_INCREMENT=2 ;

--
-- 转存表中的数据 `ims_sz_yi_dispatch`
--

INSERT INTO `ims_sz_yi_dispatch` (`id`, `uniacid`, `dispatchname`, `dispatchtype`, `displayorder`, `firstprice`, `secondprice`, `firstweight`, `secondweight`, `express`, `areas`, `carriers`, `enabled`) VALUES
(1, 1, '顺丰', 0, 0, '20.00', '5.00', 1000, 1000, 'shunfeng', 'a:0:{}', 'a:0:{}', 1);

-- --------------------------------------------------------

--
-- 表的结构 `ims_sz_yi_diyform_category`
--

CREATE TABLE IF NOT EXISTS `ims_sz_yi_diyform_category` (
  `id` int(11) NOT NULL AUTO_INCREMENT,
  `uniacid` int(11) DEFAULT '0' COMMENT '所属帐号',
  `name` varchar(50) DEFAULT NULL COMMENT '分类名称',
  PRIMARY KEY (`id`),
  KEY `idx_uniacid` (`uniacid`) USING BTREE
) ENGINE=MyISAM  DEFAULT CHARSET=utf8 AUTO_INCREMENT=2 ;

--
-- 转存表中的数据 `ims_sz_yi_diyform_category`
--

INSERT INTO `ims_sz_yi_diyform_category` (`id`, `uniacid`, `name`) VALUES
(1, 1, 'tttt');

-- --------------------------------------------------------

--
-- 表的结构 `ims_sz_yi_diyform_data`
--

CREATE TABLE IF NOT EXISTS `ims_sz_yi_diyform_data` (
  `id` int(11) NOT NULL AUTO_INCREMENT,
  `uniacid` int(11) NOT NULL DEFAULT '0',
  `typeid` int(11) NOT NULL DEFAULT '0' COMMENT '类型id',
  `cid` int(11) DEFAULT '0' COMMENT '关联id',
  `diyformfields` text,
  `fields` text NOT NULL COMMENT '字符集',
  `openid` varchar(255) NOT NULL DEFAULT '' COMMENT '使用者openid',
  `type` tinyint(2) DEFAULT '0' COMMENT '该数据所属模块',
  PRIMARY KEY (`id`),
  KEY `idx_uniacid` (`uniacid`) USING BTREE,
  KEY `idx_typeid` (`typeid`) USING BTREE,
  KEY `idx_cid` (`cid`) USING BTREE
) ENGINE=MyISAM DEFAULT CHARSET=utf8 AUTO_INCREMENT=1 ;

-- --------------------------------------------------------

--
-- 表的结构 `ims_sz_yi_diyform_temp`
--

CREATE TABLE IF NOT EXISTS `ims_sz_yi_diyform_temp` (
  `id` int(11) NOT NULL AUTO_INCREMENT,
  `uniacid` int(11) NOT NULL DEFAULT '0',
  `typeid` int(11) DEFAULT '0',
  `cid` int(11) NOT NULL DEFAULT '0' COMMENT '关联id',
  `diyformfields` text,
  `fields` text NOT NULL COMMENT '字符集',
  `openid` varchar(255) NOT NULL DEFAULT '' COMMENT '使用者openid',
  `type` tinyint(1) DEFAULT '0' COMMENT '类型',
  `diyformid` int(11) DEFAULT '0',
  `diyformdata` text,
  PRIMARY KEY (`id`),
  KEY `idx_uniacid` (`uniacid`) USING BTREE,
  KEY `idx_cid` (`cid`) USING BTREE
) ENGINE=MyISAM  DEFAULT CHARSET=utf8 AUTO_INCREMENT=2 ;

--
-- 转存表中的数据 `ims_sz_yi_diyform_temp`
--

INSERT INTO `ims_sz_yi_diyform_temp` (`id`, `uniacid`, `typeid`, `cid`, `diyformfields`, `fields`, `openid`, `type`, `diyformid`, `diyformdata`) VALUES
(1, 1, 0, 1, 'a:1:{s:6:"diykkk";a:4:{s:9:"data_type";s:1:"0";s:7:"tp_name";s:3:"kkk";s:7:"tp_must";s:1:"1";s:13:"tp_is_default";s:1:"0";}}', '', '', 3, 1, 'a:1:{s:6:"diykkk";s:4:"1111";}');

-- --------------------------------------------------------

--
-- 表的结构 `ims_sz_yi_diyform_type`
--

CREATE TABLE IF NOT EXISTS `ims_sz_yi_diyform_type` (
  `id` int(11) NOT NULL AUTO_INCREMENT,
  `uniacid` int(11) NOT NULL DEFAULT '0',
  `cate` int(11) DEFAULT '0',
  `title` varchar(255) NOT NULL DEFAULT '' COMMENT '分类名称',
  `fields` text NOT NULL COMMENT '字段集',
  `usedata` int(11) NOT NULL DEFAULT '0' COMMENT '已用数据',
  `alldata` int(11) NOT NULL DEFAULT '0' COMMENT '全部数据',
  `status` tinyint(1) DEFAULT '1' COMMENT '状态',
  PRIMARY KEY (`id`),
  KEY `idx_uniacid` (`uniacid`),
  KEY `idx_cate` (`cate`)
) ENGINE=MyISAM  DEFAULT CHARSET=utf8 AUTO_INCREMENT=2 ;

--
-- 转存表中的数据 `ims_sz_yi_diyform_type`
--

INSERT INTO `ims_sz_yi_diyform_type` (`id`, `uniacid`, `cate`, `title`, `fields`, `usedata`, `alldata`, `status`) VALUES
(1, 1, 1, 'mkk', 'a:1:{s:6:"diykkk";a:4:{s:9:"data_type";s:1:"0";s:7:"tp_name";s:3:"kkk";s:7:"tp_must";s:1:"1";s:13:"tp_is_default";s:1:"0";}}', 0, 0, 1);

-- --------------------------------------------------------

--
-- 表的结构 `ims_sz_yi_exhelper_express`
--

CREATE TABLE IF NOT EXISTS `ims_sz_yi_exhelper_express` (
  `id` int(11) NOT NULL AUTO_INCREMENT,
  `uniacid` int(11) DEFAULT '0',
  `type` int(1) NOT NULL DEFAULT '1' COMMENT '单据分类 1为快递单 2为发货单',
  `expressname` varchar(255) DEFAULT '',
  `expresscom` varchar(255) NOT NULL DEFAULT '',
  `express` varchar(255) NOT NULL DEFAULT '',
  `width` decimal(10,2) DEFAULT '0.00',
  `datas` text,
  `height` decimal(10,2) DEFAULT '0.00',
  `bg` varchar(255) DEFAULT '',
  `isdefault` tinyint(3) DEFAULT '0',
  PRIMARY KEY (`id`),
  KEY `idx_uniacid` (`uniacid`),
  KEY `idx_isdefault` (`isdefault`)
) ENGINE=MyISAM DEFAULT CHARSET=utf8 AUTO_INCREMENT=1 ;

-- --------------------------------------------------------

--
-- 表的结构 `ims_sz_yi_exhelper_senduser`
--

CREATE TABLE IF NOT EXISTS `ims_sz_yi_exhelper_senduser` (
  `id` int(11) NOT NULL AUTO_INCREMENT,
  `uniacid` int(11) DEFAULT '0',
  `sendername` varchar(255) DEFAULT '' COMMENT '发件人',
  `sendertel` varchar(255) DEFAULT '' COMMENT '发件人联系电话',
  `sendersign` varchar(255) DEFAULT '' COMMENT '发件人签名',
  `sendercode` int(11) DEFAULT NULL COMMENT '发件地址邮编',
  `senderaddress` varchar(255) DEFAULT '' COMMENT '发件地址',
  `sendercity` varchar(255) DEFAULT NULL COMMENT '发件城市',
  `isdefault` tinyint(3) DEFAULT '0',
  PRIMARY KEY (`id`),
  KEY `idx_uniacid` (`uniacid`),
  KEY `idx_isdefault` (`isdefault`)
) ENGINE=MyISAM DEFAULT CHARSET=utf8 AUTO_INCREMENT=1 ;

-- --------------------------------------------------------

--
-- 表的结构 `ims_sz_yi_exhelper_sys`
--

CREATE TABLE IF NOT EXISTS `ims_sz_yi_exhelper_sys` (
  `id` int(11) NOT NULL AUTO_INCREMENT,
  `uniacid` int(11) NOT NULL DEFAULT '0',
  `ip` varchar(20) NOT NULL DEFAULT 'localhost',
  `port` int(11) NOT NULL DEFAULT '8000',
  PRIMARY KEY (`id`)
) ENGINE=MyISAM DEFAULT CHARSET=utf8 AUTO_INCREMENT=1 ;

-- --------------------------------------------------------

--
-- 表的结构 `ims_sz_yi_express`
--

CREATE TABLE IF NOT EXISTS `ims_sz_yi_express` (
  `id` int(11) NOT NULL AUTO_INCREMENT,
  `uniacid` int(11) DEFAULT '0',
  `express_name` varchar(50) DEFAULT '',
  `displayorder` int(11) DEFAULT '0',
  `express_price` varchar(10) DEFAULT '',
  `express_area` varchar(100) DEFAULT '',
  `express_url` varchar(255) DEFAULT '',
  PRIMARY KEY (`id`),
  KEY `idx_uniacid` (`uniacid`),
  KEY `idx_displayorder` (`displayorder`)
) ENGINE=MyISAM DEFAULT CHARSET=utf8 AUTO_INCREMENT=1 ;

-- --------------------------------------------------------

--
-- 表的结构 `ims_sz_yi_feedback`
--

CREATE TABLE IF NOT EXISTS `ims_sz_yi_feedback` (
  `id` int(11) NOT NULL AUTO_INCREMENT,
  `uniacid` int(11) DEFAULT '0',
  `openid` varchar(50) DEFAULT '0',
  `type` tinyint(1) DEFAULT '1' COMMENT '1为维权，2为投诉',
  `status` tinyint(1) DEFAULT '0' COMMENT '状态 0 未解决，1用户同意，2用户拒绝',
  `feedbackid` varchar(100) DEFAULT '' COMMENT '投诉单号',
  `transid` varchar(100) DEFAULT '' COMMENT '订单号',
  `reason` varchar(1000) DEFAULT '' COMMENT '理由',
  `solution` varchar(1000) DEFAULT '' COMMENT '期待解决方案',
  `remark` varchar(1000) DEFAULT '' COMMENT '备注',
  `createtime` int(11) DEFAULT '0',
  PRIMARY KEY (`id`),
  KEY `idx_uniacid` (`uniacid`),
  KEY `idx_feedbackid` (`feedbackid`),
  KEY `idx_createtime` (`createtime`),
  KEY `idx_transid` (`transid`)
) ENGINE=MyISAM DEFAULT CHARSET=utf8 AUTO_INCREMENT=1 ;

-- --------------------------------------------------------

--
-- 表的结构 `ims_sz_yi_goods`
--

CREATE TABLE IF NOT EXISTS `ims_sz_yi_goods` (
  `id` int(11) NOT NULL AUTO_INCREMENT,
  `uniacid` int(11) DEFAULT '0',
  `pcate` int(11) DEFAULT '0',
  `ccate` int(11) DEFAULT '0',
  `type` tinyint(1) DEFAULT '1' COMMENT '1为实体，2为虚拟',
  `status` tinyint(1) DEFAULT '1',
  `displayorder` int(11) DEFAULT '0',
  `title` varchar(100) DEFAULT '',
  `shorttitle` varchar(500) DEFAULT NULL,
  `thumb` varchar(255) DEFAULT '',
  `unit` varchar(5) DEFAULT '',
  `description` varchar(1000) DEFAULT '',
  `content` text,
  `goodssn` varchar(50) DEFAULT '',
  `productsn` varchar(50) DEFAULT '',
  `productprice` decimal(10,2) DEFAULT '0.00',
  `marketprice` decimal(10,2) DEFAULT '0.00',
  `costprice` decimal(10,2) DEFAULT '0.00',
  `originalprice` decimal(10,2) DEFAULT '0.00' COMMENT '原价',
  `total` int(10) DEFAULT '0',
  `totalcnf` int(11) DEFAULT '0' COMMENT '0 拍下减库存 1 付款减库存 2 永久不减',
  `sales` int(11) DEFAULT '0',
  `salesreal` int(11) DEFAULT '0',
  `spec` varchar(5000) DEFAULT '',
  `createtime` int(11) DEFAULT '0',
  `weight` decimal(10,2) DEFAULT '0.00',
  `credit` varchar(255) DEFAULT NULL,
  `maxbuy` int(11) DEFAULT '0',
  `usermaxbuy` int(11) DEFAULT '0',
  `hasoption` int(11) DEFAULT '0',
  `dispatch` int(11) DEFAULT '0',
  `thumb_url` text,
  `isnew` tinyint(1) DEFAULT '0',
  `ishot` tinyint(1) DEFAULT '0',
  `isdiscount` tinyint(1) DEFAULT '0',
  `isrecommand` tinyint(1) DEFAULT '0',
  `issendfree` tinyint(1) DEFAULT '0',
  `istime` tinyint(1) DEFAULT '0',
  `iscomment` tinyint(1) DEFAULT '0',
  `timestart` int(11) DEFAULT '0',
  `timeend` int(11) DEFAULT '0',
  `viewcount` int(11) DEFAULT '0',
  `deleted` tinyint(3) DEFAULT '0',
  `hascommission` tinyint(3) DEFAULT '0',
  `commission1_rate` decimal(10,2) DEFAULT '0.00',
  `commission1_pay` decimal(10,2) DEFAULT '0.00',
  `commission2_rate` decimal(10,2) DEFAULT '0.00',
  `commission2_pay` decimal(10,2) DEFAULT '0.00',
  `commission3_rate` decimal(10,2) DEFAULT '0.00',
  `commission3_pay` decimal(10,2) DEFAULT '0.00',
  `score` decimal(10,2) DEFAULT '0.00',
  `taobaoid` varchar(255) DEFAULT '',
  `taotaoid` varchar(255) DEFAULT '',
  `taobaourl` varchar(255) DEFAULT '',
  `updatetime` int(11) DEFAULT '0',
  `share_title` varchar(255) DEFAULT '',
  `share_icon` varchar(255) DEFAULT '',
  `cash` tinyint(3) DEFAULT '0',
  `commission_thumb` varchar(255) DEFAULT '',
  `isnodiscount` tinyint(3) DEFAULT '0',
  `showlevels` text,
  `buylevels` text,
  `showgroups` text,
  `buygroups` text,
  `isverify` tinyint(3) DEFAULT '0',
  `storeids` text,
  `noticeopenid` text,
  `tcate` int(11) DEFAULT '0',
  `noticetype` text,
  `needfollow` tinyint(3) DEFAULT '0',
  `followtip` varchar(255) DEFAULT '',
  `followurl` varchar(255) DEFAULT '',
  `deduct` decimal(10,2) DEFAULT '0.00',
  `virtual` int(11) DEFAULT '0',
  `ccates` text,
  `discounts` text,
  `nocommission` tinyint(3) DEFAULT '0',
  `hidecommission` tinyint(3) DEFAULT '0',
  `pcates` text,
  `tcates` text,
  `artid` int(11) DEFAULT '0',
  `detail_logo` varchar(255) DEFAULT '',
  `detail_shopname` varchar(255) DEFAULT '',
  `detail_btntext1` varchar(255) DEFAULT '',
  `detail_btnurl1` varchar(255) DEFAULT '',
  `detail_btntext2` varchar(255) DEFAULT '',
  `detail_btnurl2` varchar(255) DEFAULT '',
  `detail_totaltitle` varchar(255) DEFAULT '',
  `deduct2` decimal(10,2) DEFAULT '0.00',
  `ednum` int(11) DEFAULT '0',
  `edmoney` decimal(10,2) DEFAULT '0.00',
  `edareas` text,
  `cates` text,
  `diyformtype` tinyint(3) DEFAULT '0',
  `diyformid` int(11) DEFAULT '0',
  `diymode` tinyint(3) DEFAULT '0',
  `supplier_uid` int(11) NOT NULL COMMENT '供应商ID',
  `manydeduct` tinyint(1) DEFAULT '0',
  `dispatchtype` tinyint(1) DEFAULT '0',
  `dispatchid` int(11) DEFAULT '0',
  `dispatchprice` decimal(10,2) DEFAULT '0.00',
  PRIMARY KEY (`id`),
  KEY `idx_uniacid` (`uniacid`),
  KEY `idx_pcate` (`pcate`),
  KEY `idx_ccate` (`ccate`),
  KEY `idx_isnew` (`isnew`),
  KEY `idx_ishot` (`ishot`),
  KEY `idx_isdiscount` (`isdiscount`),
  KEY `idx_isrecommand` (`isrecommand`),
  KEY `idx_iscomment` (`iscomment`),
  KEY `idx_issendfree` (`issendfree`),
  KEY `idx_istime` (`istime`),
  KEY `idx_deleted` (`deleted`),
  KEY `idx_tcate` (`tcate`),
  FULLTEXT KEY `idx_buylevels` (`buylevels`),
  FULLTEXT KEY `idx_showgroups` (`showgroups`),
  FULLTEXT KEY `idx_buygroups` (`buygroups`)
) ENGINE=MyISAM  DEFAULT CHARSET=utf8 AUTO_INCREMENT=3 ;

--
-- 转存表中的数据 `ims_sz_yi_goods`
--

INSERT INTO `ims_sz_yi_goods` (`id`, `uniacid`, `pcate`, `ccate`, `type`, `status`, `displayorder`, `title`, `shorttitle`, `thumb`, `unit`, `description`, `content`, `goodssn`, `productsn`, `productprice`, `marketprice`, `costprice`, `originalprice`, `total`, `totalcnf`, `sales`, `salesreal`, `spec`, `createtime`, `weight`, `credit`, `maxbuy`, `usermaxbuy`, `hasoption`, `dispatch`, `thumb_url`, `isnew`, `ishot`, `isdiscount`, `isrecommand`, `issendfree`, `istime`, `iscomment`, `timestart`, `timeend`, `viewcount`, `deleted`, `hascommission`, `commission1_rate`, `commission1_pay`, `commission2_rate`, `commission2_pay`, `commission3_rate`, `commission3_pay`, `score`, `taobaoid`, `taotaoid`, `taobaourl`, `updatetime`, `share_title`, `share_icon`, `cash`, `commission_thumb`, `isnodiscount`, `showlevels`, `buylevels`, `showgroups`, `buygroups`, `isverify`, `storeids`, `noticeopenid`, `tcate`, `noticetype`, `needfollow`, `followtip`, `followurl`, `deduct`, `virtual`, `ccates`, `discounts`, `nocommission`, `hidecommission`, `pcates`, `tcates`, `artid`, `detail_logo`, `detail_shopname`, `detail_btntext1`, `detail_btnurl1`, `detail_btntext2`, `detail_btnurl2`, `detail_totaltitle`, `deduct2`, `ednum`, `edmoney`, `edareas`, `cates`, `diyformtype`, `diyformid`, `diymode`, `supplier_uid`, `manydeduct`, `dispatchtype`, `dispatchid`, `dispatchprice`) VALUES
(1, 1, 1, 2, 1, 1, 0, 'phone6s', NULL, 'images/1/2016/02/jRp1NQOFOcFPOWq2Lq2zc8iq7lQ2OE.gif', '个', '', '', '', '', '6000.00', '99.00', '3400.00', '0.00', 94, 0, 6, 1, '', 1455292516, '2.00', '', 0, 0, 0, 0, 'a:0:{}', 1, 0, 0, 1, 0, 0, 0, 1455292440, 1455292440, 91, 0, 0, '0.00', '0.00', '0.00', '0.00', '0.00', '0.00', '0.00', '', '', '', 0, '', '', 1, '', 0, '', '', '', '', 1, '', '', 0, '0', 0, '', '', '0.00', 0, '', '{"default":""}', 0, 0, '', '', 0, '', '', '', '', '', '', '', '0.00', 0, '100.00', '', NULL, 1, 1, 0, 0, 0, 0, 0, '0.00'),
(2, 1, 1, 2, 2, 1, 0, '飒飒', NULL, 'images/1/2016/02/jRp1NQOFOcFPOWq2Lq2zc8iq7lQ2OE.gif', '包', '', '', '', '', '12.00', '111.00', '12.00', '0.00', 100, 0, 0, 0, '', 1459149553, '0.00', '', 0, 0, 0, 0, 'a:0:{}', 0, 0, 0, 0, 0, 0, 0, 1459149480, 1459149480, 11, 0, 0, '0.00', '0.00', '0.00', '0.00', '0.00', '0.00', '0.00', '', '', '', 0, '', '', 1, '', 0, '', '', '', '', 2, '', '', 0, '0', 0, '', '', '0.00', 0, '', '{"default":""}', 0, 0, '', '', 0, '', '', '', '', '', '', '', '0.00', 0, '0.00', '', NULL, 0, 0, 0, 0, 0, 0, 0, '0.00');

-- --------------------------------------------------------

--
-- 表的结构 `ims_sz_yi_goods_comment`
--

CREATE TABLE IF NOT EXISTS `ims_sz_yi_goods_comment` (
  `id` int(11) NOT NULL AUTO_INCREMENT,
  `uniacid` int(11) DEFAULT '0',
  `goodsid` int(10) DEFAULT '0',
  `openid` varchar(50) DEFAULT '',
  `nickname` varchar(50) DEFAULT '',
  `headimgurl` varchar(255) DEFAULT '',
  `content` varchar(255) DEFAULT '',
  `createtime` int(11) DEFAULT '0',
  PRIMARY KEY (`id`),
  KEY `idx_uniacid` (`uniacid`),
  KEY `idx_goodsid` (`goodsid`),
  KEY `idx_openid` (`openid`),
  KEY `idx_createtime` (`createtime`)
) ENGINE=MyISAM DEFAULT CHARSET=utf8 AUTO_INCREMENT=1 ;

-- --------------------------------------------------------

--
-- 表的结构 `ims_sz_yi_goods_option`
--

CREATE TABLE IF NOT EXISTS `ims_sz_yi_goods_option` (
  `id` int(11) NOT NULL AUTO_INCREMENT,
  `uniacid` int(11) DEFAULT '0',
  `goodsid` int(10) DEFAULT '0',
  `title` varchar(50) DEFAULT '',
  `thumb` varchar(60) DEFAULT '',
  `productprice` decimal(10,2) DEFAULT '0.00',
  `marketprice` decimal(10,2) DEFAULT '0.00',
  `costprice` decimal(10,2) DEFAULT '0.00',
  `stock` int(11) DEFAULT '0',
  `weight` decimal(10,2) DEFAULT '0.00',
  `displayorder` int(11) DEFAULT '0',
  `specs` text,
  `skuId` varchar(255) DEFAULT '',
  `goodssn` varchar(255) DEFAULT '',
  `productsn` varchar(255) DEFAULT '',
  `virtual` int(11) DEFAULT '0',
  PRIMARY KEY (`id`),
  KEY `idx_uniacid` (`uniacid`),
  KEY `idx_goodsid` (`goodsid`),
  KEY `idx_displayorder` (`displayorder`)
) ENGINE=MyISAM DEFAULT CHARSET=utf8 AUTO_INCREMENT=1 ;

-- --------------------------------------------------------

--
-- 表的结构 `ims_sz_yi_goods_param`
--

CREATE TABLE IF NOT EXISTS `ims_sz_yi_goods_param` (
  `id` int(11) NOT NULL AUTO_INCREMENT,
  `uniacid` int(11) DEFAULT '0',
  `goodsid` int(10) DEFAULT '0',
  `title` varchar(50) DEFAULT '',
  `value` text,
  `displayorder` int(11) DEFAULT '0',
  PRIMARY KEY (`id`),
  KEY `idx_uniacid` (`uniacid`),
  KEY `idx_goodsid` (`goodsid`),
  KEY `idx_displayorder` (`displayorder`)
) ENGINE=MyISAM DEFAULT CHARSET=utf8 AUTO_INCREMENT=1 ;

-- --------------------------------------------------------

--
-- 表的结构 `ims_sz_yi_goods_spec`
--

CREATE TABLE IF NOT EXISTS `ims_sz_yi_goods_spec` (
  `id` int(11) NOT NULL AUTO_INCREMENT,
  `uniacid` int(11) DEFAULT '0',
  `goodsid` int(11) DEFAULT '0',
  `title` varchar(50) DEFAULT '',
  `description` varchar(1000) DEFAULT '',
  `displaytype` tinyint(3) DEFAULT '0',
  `content` text,
  `displayorder` int(11) DEFAULT '0',
  `propId` varchar(255) DEFAULT '',
  PRIMARY KEY (`id`),
  KEY `idx_uniacid` (`uniacid`),
  KEY `idx_goodsid` (`goodsid`),
  KEY `idx_displayorder` (`displayorder`)
) ENGINE=MyISAM DEFAULT CHARSET=utf8 AUTO_INCREMENT=1 ;

-- --------------------------------------------------------

--
-- 表的结构 `ims_sz_yi_goods_spec_item`
--

CREATE TABLE IF NOT EXISTS `ims_sz_yi_goods_spec_item` (
  `id` int(11) NOT NULL AUTO_INCREMENT,
  `uniacid` int(11) DEFAULT '0',
  `specid` int(11) DEFAULT '0',
  `title` varchar(255) DEFAULT '',
  `thumb` varchar(255) DEFAULT '',
  `show` int(11) DEFAULT '0',
  `displayorder` int(11) DEFAULT '0',
  `valueId` varchar(255) DEFAULT '',
  `virtual` int(11) DEFAULT '0',
  PRIMARY KEY (`id`),
  KEY `idx_uniacid` (`uniacid`),
  KEY `idx_specid` (`specid`),
  KEY `idx_show` (`show`),
  KEY `idx_displayorder` (`displayorder`)
) ENGINE=MyISAM DEFAULT CHARSET=utf8 AUTO_INCREMENT=1 ;

-- --------------------------------------------------------

--
-- 表的结构 `ims_sz_yi_member`
--

CREATE TABLE IF NOT EXISTS `ims_sz_yi_member` (
  `id` int(11) NOT NULL AUTO_INCREMENT,
  `uniacid` int(11) DEFAULT '0',
  `uid` int(11) DEFAULT '0',
  `groupid` int(11) DEFAULT '0',
  `level` int(11) DEFAULT '0',
  `agentid` int(11) DEFAULT '0',
  `openid` varchar(50) DEFAULT '',
  `realname` varchar(20) DEFAULT '',
  `mobile` varchar(11) DEFAULT '',
  `pwd` varchar(100) DEFAULT NULL,
  `weixin` varchar(100) DEFAULT '',
  `content` text,
  `createtime` int(10) DEFAULT '0',
  `agenttime` int(10) DEFAULT '0',
  `status` tinyint(1) DEFAULT '0',
  `isagent` tinyint(1) DEFAULT '0',
  `clickcount` int(11) DEFAULT '0',
  `agentlevel` int(11) DEFAULT '0',
  `bonuslevel` int(11) DEFAULT '0',
  `bonus_status` tinyint(1) DEFAULT '0',
  `noticeset` text,
  `nickname` varchar(255) DEFAULT '',
  `credit1` decimal(10,2) DEFAULT '0.00',
  `credit2` decimal(10,2) DEFAULT '0.00',
  `credit3` int(11) DEFAULT NULL COMMENT '股权积分',
  `birthyear` varchar(255) DEFAULT '',
  `birthmonth` varchar(255) DEFAULT '',
  `birthday` varchar(255) DEFAULT '',
  `gender` tinyint(3) DEFAULT '0',
  `avatar` varchar(255) DEFAULT '',
  `province` varchar(255) DEFAULT '',
  `city` varchar(255) DEFAULT '',
  `area` varchar(255) DEFAULT '',
  `childtime` int(11) DEFAULT '0',
  `inviter` int(11) DEFAULT '0',
  `agentnotupgrade` tinyint(3) DEFAULT '0',
  `agentselectgoods` tinyint(3) DEFAULT '0',
  `agentblack` tinyint(3) DEFAULT '0',
  `fixagentid` tinyint(3) DEFAULT '0',
  `regtype` int(11) NOT NULL DEFAULT '1' COMMENT '1为微信，2为手机注册',
  `isbindmobile` int(11) NOT NULL DEFAULT '0' COMMENT '是否绑定手机,0未绑定,1绑定',
  `isjumpbind` int(11) NOT NULL DEFAULT '0' COMMENT '是否跳过绑定，跳过则登陆时不检测',
  `diymemberdata` text,
  `diymemberid` int(11) DEFAULT '0',
  `diymemberdataid` int(11) DEFAULT '0',
  `diycommissionid` int(11) DEFAULT '0',
  `diycommissiondataid` int(11) DEFAULT '0',
  `diymemberfields` text,
  `diycommissionfields` text,
  `diycommissiondata` text,
  `isblack` tinyint(3) DEFAULT '0',
  PRIMARY KEY (`id`),
  KEY `idx_uniacid` (`uniacid`),
  KEY `idx_shareid` (`agentid`),
  KEY `idx_openid` (`openid`),
  KEY `idx_status` (`status`),
  KEY `idx_agenttime` (`agenttime`),
  KEY `idx_isagent` (`isagent`),
  KEY `idx_uid` (`uid`),
  KEY `idx_groupid` (`groupid`),
  KEY `idx_level` (`level`)
) ENGINE=MyISAM  DEFAULT CHARSET=utf8 AUTO_INCREMENT=14 ;

--
-- 转存表中的数据 `ims_sz_yi_member`
--

INSERT INTO `ims_sz_yi_member` (`id`, `uniacid`, `uid`, `groupid`, `level`, `agentid`, `openid`, `realname`, `mobile`, `pwd`, `weixin`, `content`, `createtime`, `agenttime`, `status`, `isagent`, `clickcount`, `agentlevel`, `bonuslevel`, `bonus_status`, `noticeset`, `nickname`, `credit1`, `credit2`, `credit3`, `birthyear`, `birthmonth`, `birthday`, `gender`, `avatar`, `province`, `city`, `area`, `childtime`, `inviter`, `agentnotupgrade`, `agentselectgoods`, `agentblack`, `fixagentid`, `regtype`, `isbindmobile`, `isjumpbind`, `diymemberdata`, `diymemberid`, `diymemberdataid`, `diycommissionid`, `diycommissiondataid`, `diymemberfields`, `diycommissionfields`, `diycommissiondata`, `isblack`) VALUES
(9, 1, 0, 0, 0, 0, 'u1719b9d85a4ed50fd7c969184a2ce893', 'rain', '18646283333', '123123', '123', NULL, 1455322665, 1455324329, 0, 0, 0, 0, 0, 0, NULL, 'rain', '0.00', '0.00', NULL, '', '', '', 0, '', '', '', '', 0, 0, 0, 0, 0, 0, 2, 0, 1, NULL, 0, 0, 0, 0, NULL, NULL, NULL, 0),
(10, 1, 0, 0, 0, 0, 'ua734710a6bbf3d227cc8ea027d1be612', '', '', '123123', '', NULL, 1455390105, 0, 0, 0, 0, 0, 0, 0, NULL, '', '0.00', '0.00', NULL, '', '', '', 0, '', '', '', '', 0, 0, 0, 0, 0, 0, 2, 0, 0, NULL, 0, 0, 0, 0, NULL, NULL, NULL, 0),
(13, 1, 0, 0, 0, 0, 'uc03c7894d369a4f9b64e1b4cfa251215', '', '18646588292', '4297f44b13955235245b2497399d7a93', '', NULL, 1455397217, 1455398588, 1, 1, 0, 0, 0, 0, NULL, '', '0.00', '94500.00', 10000, '', '', '', 0, '', '', '', '', 0, 0, 0, 0, 0, 0, 2, 0, 0, NULL, 0, 0, 0, 0, NULL, NULL, NULL, 0);

-- --------------------------------------------------------

--
-- 表的结构 `ims_sz_yi_member_address`
--

CREATE TABLE IF NOT EXISTS `ims_sz_yi_member_address` (
  `id` int(11) NOT NULL AUTO_INCREMENT,
  `uniacid` int(11) DEFAULT '0',
  `openid` varchar(50) DEFAULT '0',
  `realname` varchar(20) DEFAULT '',
  `mobile` varchar(11) DEFAULT '',
  `province` varchar(30) DEFAULT '',
  `city` varchar(30) DEFAULT '',
  `area` varchar(30) DEFAULT '',
  `address` varchar(300) DEFAULT '',
  `isdefault` tinyint(1) DEFAULT '0',
  `zipcode` varchar(255) DEFAULT '',
  `deleted` tinyint(1) DEFAULT '0',
  PRIMARY KEY (`id`),
  KEY `idx_uniacid` (`uniacid`),
  KEY `idx_openid` (`openid`),
  KEY `idx_isdefault` (`isdefault`),
  KEY `idx_deleted` (`deleted`)
) ENGINE=MyISAM  DEFAULT CHARSET=utf8 AUTO_INCREMENT=11 ;

--
-- 转存表中的数据 `ims_sz_yi_member_address`
--

INSERT INTO `ims_sz_yi_member_address` (`id`, `uniacid`, `openid`, `realname`, `mobile`, `province`, `city`, `area`, `address`, `isdefault`, `zipcode`, `deleted`) VALUES
(1, 1, '1', 'yangyu', '18646283333', '黑龙江省', '哈尔滨市', '南岗区', 'ffff', 1, '', 0),
(2, 1, '', 'werw', '18646283333', '天津市', '天津辖区', '和平区', 'wrwr', 1, '', 0),
(3, 1, '', '18646588292', '18646283333', '北京市', '北京辖区', '东城区', 'ff', 1, '', 0),
(4, 1, '', '杨雨', '18646283333', '北京市', '北京辖区', '东城区', '非手术费', 1, '', 0),
(5, 1, 'u1719b9d85a4ed50fd7c969184a2ce893', 'YangYu', '18646283333', '黑龙江省', '哈尔滨市', '市辖区', '南岗区中兴大道555号东辉明珠园G10-2-702', 1, '', 0),
(6, 1, '', 'tim', '18646283333', '天津市', '天津辖区', '和平区', 'sss', 1, '', 0),
(7, 1, '', '11', '18646283333', '天津市', '天津辖区', '和平区', '111', 1, '', 0),
(8, 1, 'ua734710a6bbf3d227cc8ea027d1be612', 'tim1', '18646283333', '天津市', '天津辖区', '和平区', '111', 1, '', 0),
(9, 1, 'u1719b9d85a4ed50fd7c969184a2ce893', '111111', '18646283333', '内蒙古区', '呼和浩特市', '市辖区', '333333', 0, '', 0),
(10, 1, 'uc03c7894d369a4f9b64e1b4cfa251215', 'yangyu', '18646527273', '北京市', '北京辖区', '东城区', '223r2r', 1, '', 0);

-- --------------------------------------------------------

--
-- 表的结构 `ims_sz_yi_member_cart`
--

CREATE TABLE IF NOT EXISTS `ims_sz_yi_member_cart` (
  `id` int(11) NOT NULL AUTO_INCREMENT,
  `uniacid` int(11) DEFAULT '0',
  `openid` varchar(100) DEFAULT '',
  `goodsid` int(11) DEFAULT '0',
  `total` int(11) DEFAULT '0',
  `marketprice` decimal(10,2) DEFAULT '0.00',
  `deleted` tinyint(1) DEFAULT '0',
  `optionid` int(11) DEFAULT '0',
  `createtime` int(11) DEFAULT '0',
  `diyformdata` text,
  `diyformfields` text,
  `diyformdataid` int(11) DEFAULT '0',
  `diyformid` int(11) DEFAULT '0',
  PRIMARY KEY (`id`),
  KEY `idx_uniacid` (`uniacid`),
  KEY `idx_goodsid` (`goodsid`),
  KEY `idx_openid` (`openid`),
  KEY `idx_deleted` (`deleted`)
) ENGINE=MyISAM  DEFAULT CHARSET=utf8 AUTO_INCREMENT=7 ;

--
-- 转存表中的数据 `ims_sz_yi_member_cart`
--

INSERT INTO `ims_sz_yi_member_cart` (`id`, `uniacid`, `openid`, `goodsid`, `total`, `marketprice`, `deleted`, `optionid`, `createtime`, `diyformdata`, `diyformfields`, `diyformdataid`, `diyformid`) VALUES
(1, 1, '1', 1, 1, '5500.00', 1, 0, 1455292752, NULL, NULL, 0, 0),
(2, 1, '', 1, 1, '5500.00', 0, 0, 1455390250, NULL, NULL, 0, 0),
(3, 1, '', 1, 1, '5500.00', 0, 0, 1455391726, NULL, NULL, 0, 0),
(4, 1, '', 1, 1, '5500.00', 0, 0, 1455391740, NULL, NULL, 0, 0),
(5, 1, 'ua734710a6bbf3d227cc8ea027d1be612', 1, 1, '5500.00', 0, 0, 1455391772, NULL, NULL, 0, 0),
(6, 1, 'u1719b9d85a4ed50fd7c969184a2ce893', 1, 1, '5500.00', 0, 0, 1455395180, NULL, NULL, 0, 0);

-- --------------------------------------------------------

--
-- 表的结构 `ims_sz_yi_member_equity_log`
--

CREATE TABLE IF NOT EXISTS `ims_sz_yi_member_equity_log` (
  `id` int(11) NOT NULL AUTO_INCREMENT,
  `uniacid` int(11) NOT NULL,
  `openid` varchar(255) NOT NULL,
  `tosell_id` int(11) DEFAULT NULL COMMENT '出让人id',
  `assigns_id` int(11) DEFAULT NULL COMMENT '受让人id',
  `type` tinyint(3) NOT NULL COMMENT '0 获得 1出让 2受让',
  `createtime` int(11) NOT NULL,
  `status` tinyint(3) NOT NULL COMMENT '-1 失败 0 进行中 1 成功',
  `credit` int(11) DEFAULT NULL,
  `money` decimal(10,2) DEFAULT NULL,
  `edittime` int(11) NOT NULL COMMENT '更新时间',
  PRIMARY KEY (`id`)
) ENGINE=InnoDB  DEFAULT CHARSET=utf8 AUTO_INCREMENT=9 ;

--
-- 转存表中的数据 `ims_sz_yi_member_equity_log`
--

INSERT INTO `ims_sz_yi_member_equity_log` (`id`, `uniacid`, `openid`, `tosell_id`, `assigns_id`, `type`, `createtime`, `status`, `credit`, `money`, `edittime`) VALUES
(8, 1, 'uc03c7894d369a4f9b64e1b4cfa251215', 13, NULL, 1, 1459183137, 0, 4, '100.00', 1459183137);

-- --------------------------------------------------------

--
-- 表的结构 `ims_sz_yi_member_favorite`
--

CREATE TABLE IF NOT EXISTS `ims_sz_yi_member_favorite` (
  `id` int(11) NOT NULL AUTO_INCREMENT,
  `uniacid` int(11) DEFAULT '0',
  `goodsid` int(10) DEFAULT '0',
  `openid` varchar(50) DEFAULT '',
  `deleted` tinyint(1) DEFAULT '0',
  `createtime` int(11) DEFAULT '0',
  PRIMARY KEY (`id`),
  KEY `idx_uniacid` (`uniacid`),
  KEY `idx_goodsid` (`goodsid`),
  KEY `idx_openid` (`openid`),
  KEY `idx_deleted` (`deleted`),
  KEY `idx_createtime` (`createtime`)
) ENGINE=MyISAM DEFAULT CHARSET=utf8 AUTO_INCREMENT=1 ;

-- --------------------------------------------------------

--
-- 表的结构 `ims_sz_yi_member_group`
--

CREATE TABLE IF NOT EXISTS `ims_sz_yi_member_group` (
  `id` int(11) NOT NULL AUTO_INCREMENT,
  `uniacid` int(11) DEFAULT '0',
  `groupname` varchar(255) DEFAULT '',
  PRIMARY KEY (`id`)
) ENGINE=MyISAM DEFAULT CHARSET=utf8 AUTO_INCREMENT=1 ;

-- --------------------------------------------------------

--
-- 表的结构 `ims_sz_yi_member_history`
--

CREATE TABLE IF NOT EXISTS `ims_sz_yi_member_history` (
  `id` int(11) NOT NULL AUTO_INCREMENT,
  `uniacid` int(11) DEFAULT '0',
  `goodsid` int(10) DEFAULT '0',
  `openid` varchar(50) DEFAULT '',
  `deleted` tinyint(1) DEFAULT '0',
  `createtime` int(11) DEFAULT '0',
  PRIMARY KEY (`id`),
  KEY `idx_uniacid` (`uniacid`),
  KEY `idx_goodsid` (`goodsid`),
  KEY `idx_openid` (`openid`),
  KEY `idx_deleted` (`deleted`),
  KEY `idx_createtime` (`createtime`)
) ENGINE=MyISAM  DEFAULT CHARSET=utf8 AUTO_INCREMENT=99 ;

--
-- 转存表中的数据 `ims_sz_yi_member_history`
--

INSERT INTO `ims_sz_yi_member_history` (`id`, `uniacid`, `goodsid`, `openid`, `deleted`, `createtime`) VALUES
(1, 1, 1, '1', 0, 1455292676),
(2, 1, 1, '', 0, 1455296536),
(3, 1, 1, '', 0, 1455298156),
(4, 1, 1, '', 0, 1455298504),
(5, 1, 1, '', 0, 1455299411),
(6, 1, 1, '', 0, 1455302061),
(7, 1, 1, '', 0, 1455305114),
(8, 1, 1, '', 0, 1455305116),
(9, 1, 1, '', 0, 1455305205),
(10, 1, 1, '', 0, 1455305422),
(11, 1, 1, '', 0, 1455306036),
(12, 1, 1, '', 0, 1455306068),
(13, 1, 1, '', 0, 1455306151),
(14, 1, 1, '', 0, 1455306152),
(15, 1, 1, '', 0, 1455318997),
(16, 1, 1, '', 0, 1455319000),
(17, 1, 1, '', 0, 1455319187),
(18, 1, 1, '', 0, 1455319189),
(19, 1, 1, '', 0, 1455321022),
(20, 1, 1, '', 0, 1455321023),
(21, 1, 1, '', 0, 1455321028),
(22, 1, 1, '', 0, 1455321440),
(23, 1, 1, '', 0, 1455321486),
(24, 1, 1, '', 0, 1455321632),
(25, 1, 1, '', 0, 1455321640),
(26, 1, 1, '', 0, 1455321641),
(27, 1, 1, '', 0, 1455321709),
(28, 1, 1, '', 0, 1455322433),
(29, 1, 1, '', 0, 1455322594),
(30, 1, 1, '', 0, 1455344303),
(31, 1, 1, '', 0, 1455344363),
(32, 1, 1, '', 0, 1455344365),
(33, 1, 1, '', 0, 1455344371),
(34, 1, 1, '', 0, 1455357443),
(35, 1, 1, 'u1719b9d85a4ed50fd7c969184a2ce893', 0, 1455373644),
(36, 1, 1, '', 0, 1455390091),
(37, 1, 1, '', 0, 1455390246),
(38, 1, 1, '', 0, 1455390248),
(39, 1, 1, '', 0, 1455390263),
(40, 1, 1, '', 0, 1455391009),
(41, 1, 1, '', 0, 1455391722),
(42, 1, 1, '', 0, 1455391729),
(43, 1, 1, '', 0, 1455391767),
(44, 1, 1, '', 0, 1455391788),
(45, 1, 1, '', 0, 1455394427),
(46, 1, 1, '', 0, 1455394715),
(47, 1, 1, '', 0, 1455395201),
(48, 1, 1, '', 0, 1455395701),
(49, 1, 1, '', 0, 1456390385),
(50, 1, 1, '', 0, 1456393243),
(51, 1, 1, '', 0, 1456393355),
(52, 1, 1, '', 0, 1456393387),
(53, 1, 1, '', 0, 1456393410),
(54, 1, 1, '', 0, 1456393771),
(55, 1, 1, '', 0, 1456393782),
(56, 1, 1, '', 0, 1456393794),
(57, 1, 1, '', 0, 1456393885),
(58, 1, 1, '', 0, 1458849064),
(59, 1, 1, '', 0, 1458849091),
(60, 1, 1, '', 0, 1458849260),
(61, 1, 1, '', 0, 1458849465),
(62, 1, 1, '', 0, 1458849649),
(63, 1, 1, '', 0, 1458849703),
(64, 1, 1, '', 0, 1458849858),
(65, 1, 1, '', 0, 1458849898),
(66, 1, 1, '', 0, 1458850026),
(67, 1, 1, '', 0, 1458850027),
(68, 1, 1, '', 0, 1458850030),
(69, 1, 1, '', 0, 1458850053),
(70, 1, 1, '', 0, 1458850054),
(71, 1, 1, '', 0, 1458850062),
(72, 1, 1, '', 0, 1458850137),
(73, 1, 1, '', 0, 1458850146),
(74, 1, 1, '', 0, 1458850164),
(75, 1, 1, '', 0, 1458850190),
(76, 1, 1, '', 0, 1458850203),
(77, 1, 1, '', 0, 1458850292),
(78, 1, 1, '', 0, 1458850298),
(79, 1, 1, '', 0, 1459149585),
(80, 1, 1, '', 0, 1459149624),
(81, 1, 1, '', 0, 1459149749),
(82, 1, 1, '', 0, 1459149925),
(83, 1, 1, '', 0, 1459149956),
(84, 1, 1, '', 0, 1459149959),
(85, 1, 1, '', 0, 1459149981),
(86, 1, 2, '', 0, 1459150008),
(87, 1, 2, '', 0, 1459150036),
(88, 1, 2, '', 0, 1459150078),
(89, 1, 2, '', 0, 1459150202),
(90, 1, 2, '', 0, 1459150300),
(91, 1, 2, '', 0, 1459150369),
(92, 1, 2, '', 0, 1459150404),
(93, 1, 2, '', 0, 1459150453),
(94, 1, 2, '', 0, 1459150466),
(95, 1, 1, '', 0, 1459150488),
(96, 1, 1, '', 0, 1459150523),
(97, 1, 2, '', 0, 1459150540),
(98, 1, 2, '', 0, 1459150580);

-- --------------------------------------------------------

--
-- 表的结构 `ims_sz_yi_member_level`
--

CREATE TABLE IF NOT EXISTS `ims_sz_yi_member_level` (
  `id` int(11) NOT NULL AUTO_INCREMENT,
  `uniacid` int(11) NOT NULL,
  `level` int(11) DEFAULT '0',
  `levelname` varchar(50) DEFAULT '',
  `ordermoney` decimal(10,2) DEFAULT '0.00',
  `ordercount` int(10) DEFAULT '0',
  `discount` decimal(10,2) DEFAULT '0.00',
  PRIMARY KEY (`id`),
  KEY `idx_uniacid` (`uniacid`)
) ENGINE=MyISAM DEFAULT CHARSET=utf8 AUTO_INCREMENT=1 ;

-- --------------------------------------------------------

--
-- 表的结构 `ims_sz_yi_member_log`
--

CREATE TABLE IF NOT EXISTS `ims_sz_yi_member_log` (
  `id` int(11) NOT NULL AUTO_INCREMENT,
  `uniacid` int(11) DEFAULT '0',
  `openid` varchar(255) DEFAULT '',
  `type` tinyint(3) DEFAULT NULL COMMENT '0 充值 1 提现',
  `logno` varchar(255) DEFAULT '',
  `title` varchar(255) DEFAULT '',
  `createtime` int(11) DEFAULT '0',
  `status` int(11) DEFAULT '0' COMMENT '0 生成 1 成功 2 失败',
  `money` decimal(10,2) DEFAULT '0.00',
  `rechargetype` varchar(255) DEFAULT '' COMMENT '充值类型',
  `gives` decimal(10,2) DEFAULT NULL,
  `couponid` int(11) DEFAULT '0',
  `credit` int(11) NOT NULL COMMENT '积分',
  `poundage` decimal(10,2) NOT NULL COMMENT '手续费',
  `exchange` decimal(10,2) NOT NULL COMMENT '兑换积分',
  `on_monday` int(11) NOT NULL COMMENT '本周一时间戳',
  PRIMARY KEY (`id`),
  KEY `idx_uniacid` (`uniacid`),
  KEY `idx_openid` (`openid`),
  KEY `idx_type` (`type`),
  KEY `idx_createtime` (`createtime`),
  KEY `idx_status` (`status`)
) ENGINE=MyISAM  DEFAULT CHARSET=utf8 AUTO_INCREMENT=3 ;

--
-- 转存表中的数据 `ims_sz_yi_member_log`
--

INSERT INTO `ims_sz_yi_member_log` (`id`, `uniacid`, `openid`, `type`, `logno`, `title`, `createtime`, `status`, `money`, `rechargetype`, `gives`, `couponid`, `credit`, `poundage`, `exchange`, `on_monday`) VALUES
(1, 1, '1', 0, 'RC20160213004451485669', '会员充值', 1455295491, 0, '0.00', '', NULL, 0, 0, '0.00', '0.00', 0),
(2, 1, 'uc03c7894d369a4f9b64e1b4cfa251215', 0, 'RC20160225174221435672', '测试商城会员充值', 1456393341, 1, '100000.00', 'system', NULL, 0, 0, '0.00', '0.00', 0);

-- --------------------------------------------------------

--
-- 表的结构 `ims_sz_yi_member_message_template`
--

CREATE TABLE IF NOT EXISTS `ims_sz_yi_member_message_template` (
  `id` int(11) NOT NULL AUTO_INCREMENT,
  `uniacid` int(11) DEFAULT '0',
  `title` varchar(255) DEFAULT '',
  `template_id` varchar(255) DEFAULT '',
  `first` text NOT NULL COMMENT '键名',
  `firstcolor` varchar(255) DEFAULT '',
  `data` text NOT NULL COMMENT '颜色',
  `remark` text NOT NULL COMMENT '键值',
  `remarkcolor` varchar(255) DEFAULT '',
  `url` varchar(255) NOT NULL,
  `createtime` int(11) DEFAULT '0',
  `sendtimes` int(11) DEFAULT '0',
  `sendcount` int(11) DEFAULT '0',
  PRIMARY KEY (`id`),
  KEY `idx_uniacid` (`uniacid`),
  KEY `idx_createtime` (`createtime`)
) ENGINE=MyISAM DEFAULT CHARSET=utf8 AUTO_INCREMENT=1 ;

-- --------------------------------------------------------

--
-- 表的结构 `ims_sz_yi_notice`
--

CREATE TABLE IF NOT EXISTS `ims_sz_yi_notice` (
  `id` int(11) NOT NULL AUTO_INCREMENT,
  `uniacid` int(11) DEFAULT '0',
  `displayorder` int(11) DEFAULT '0',
  `title` varchar(255) DEFAULT '',
  `thumb` varchar(255) DEFAULT '',
  `link` varchar(255) DEFAULT '',
  `detail` text,
  `status` tinyint(3) DEFAULT '0',
  `createtime` int(11) DEFAULT NULL,
  PRIMARY KEY (`id`),
  KEY `idx_uniacid` (`uniacid`)
) ENGINE=MyISAM DEFAULT CHARSET=utf8 AUTO_INCREMENT=1 ;

-- --------------------------------------------------------

--
-- 表的结构 `ims_sz_yi_order`
--

CREATE TABLE IF NOT EXISTS `ims_sz_yi_order` (
  `id` int(11) NOT NULL AUTO_INCREMENT,
  `uniacid` int(11) DEFAULT '0',
  `openid` varchar(50) DEFAULT '',
  `agentid` int(11) DEFAULT '0',
  `ordersn` varchar(20) DEFAULT '',
  `price` decimal(10,2) DEFAULT '0.00',
  `goodsprice` decimal(10,2) DEFAULT '0.00',
  `discountprice` decimal(10,2) DEFAULT '0.00',
  `status` tinyint(4) DEFAULT '0' COMMENT '-1取消状态，0普通状态，1为已付款，2为已发货，3为成功',
  `paytype` tinyint(1) DEFAULT '0' COMMENT '1为余额，2为在线，3为到付',
  `transid` varchar(30) DEFAULT '0' COMMENT '微信支付单号',
  `remark` varchar(1000) DEFAULT '',
  `addressid` int(11) DEFAULT '0',
  `dispatchprice` decimal(10,2) DEFAULT '0.00',
  `dispatchid` int(10) DEFAULT '0',
  `createtime` int(10) DEFAULT NULL,
  `dispatchtype` tinyint(3) DEFAULT '0',
  `carrier` text,
  `refundid` int(11) DEFAULT '0',
  `iscomment` tinyint(3) DEFAULT '0',
  `creditadd` tinyint(3) DEFAULT '0',
  `deleted` tinyint(3) DEFAULT '0',
  `userdeleted` tinyint(3) DEFAULT '0',
  `finishtime` int(11) DEFAULT '0',
  `paytime` int(11) DEFAULT '0',
  `expresscom` varchar(30) NOT NULL DEFAULT '',
  `expresssn` varchar(50) NOT NULL DEFAULT '',
  `express` varchar(255) DEFAULT '',
  `sendtime` int(11) DEFAULT '0',
  `fetchtime` int(11) DEFAULT '0',
  `cash` tinyint(3) DEFAULT '0',
  `canceltime` int(11) DEFAULT NULL,
  `cancelpaytime` int(11) DEFAULT '0',
  `refundtime` int(11) DEFAULT '0',
  `isverify` tinyint(3) DEFAULT '0',
  `verified` tinyint(3) DEFAULT '0',
  `verifyopenid` varchar(255) DEFAULT '',
  `verifycode` text,
  `verifytime` int(11) DEFAULT '0',
  `verifystoreid` int(11) DEFAULT '0',
  `deductprice` decimal(10,2) DEFAULT '0.00',
  `deductcredit` int(11) DEFAULT '0',
  `deductcredit2` decimal(10,2) DEFAULT '0.00',
  `deductenough` decimal(10,2) DEFAULT '0.00',
  `virtual` int(11) DEFAULT '0',
  `virtual_info` text,
  `virtual_str` text,
  `address` text,
  `sysdeleted` tinyint(3) DEFAULT '0',
  `ordersn2` int(11) DEFAULT '0',
  `changeprice` decimal(10,2) DEFAULT '0.00',
  `changedispatchprice` decimal(10,2) DEFAULT '0.00',
  `oldprice` decimal(10,2) DEFAULT '0.00',
  `olddispatchprice` decimal(10,2) DEFAULT '0.00',
  `isvirtual` tinyint(3) DEFAULT '0',
  `couponid` int(11) DEFAULT '0',
  `couponprice` decimal(10,2) DEFAULT '0.00',
  `diyformid` int(11) DEFAULT '0',
  `diyformdata` text,
  `diyformfields` text,
  `supplier_uid` int(11) NOT NULL COMMENT '供应商ID',
  `storeid` int(11) DEFAULT '0',
  `printstate` tinyint(3) DEFAULT '0',
  `printstate2` tinyint(3) DEFAULT '0',
  PRIMARY KEY (`id`),
  KEY `idx_uniacid` (`uniacid`),
  KEY `idx_openid` (`openid`),
  KEY `idx_shareid` (`agentid`),
  KEY `idx_status` (`status`),
  KEY `idx_createtime` (`createtime`),
  KEY `idx_refundid` (`refundid`),
  KEY `idx_paytime` (`paytime`),
  KEY `idx_finishtime` (`finishtime`)
) ENGINE=MyISAM  DEFAULT CHARSET=utf8 AUTO_INCREMENT=7 ;

--
-- 转存表中的数据 `ims_sz_yi_order`
--

INSERT INTO `ims_sz_yi_order` (`id`, `uniacid`, `openid`, `agentid`, `ordersn`, `price`, `goodsprice`, `discountprice`, `status`, `paytype`, `transid`, `remark`, `addressid`, `dispatchprice`, `dispatchid`, `createtime`, `dispatchtype`, `carrier`, `refundid`, `iscomment`, `creditadd`, `deleted`, `userdeleted`, `finishtime`, `paytime`, `expresscom`, `expresssn`, `express`, `sendtime`, `fetchtime`, `cash`, `canceltime`, `cancelpaytime`, `refundtime`, `isverify`, `verified`, `verifyopenid`, `verifycode`, `verifytime`, `verifystoreid`, `deductprice`, `deductcredit`, `deductcredit2`, `deductenough`, `virtual`, `virtual_info`, `virtual_str`, `address`, `sysdeleted`, `ordersn2`, `changeprice`, `changedispatchprice`, `oldprice`, `olddispatchprice`, `isvirtual`, `couponid`, `couponprice`, `diyformid`, `diyformdata`, `diyformfields`, `supplier_uid`, `storeid`, `printstate`, `printstate2`) VALUES
(1, 1, '1', 0, 'SH201602122359486867', '5500.00', '5500.00', '0.00', 0, 0, '', '', 1, '0.00', 0, 1455292788, 0, 'a:0:{}', 0, 0, 0, 0, 0, 0, 0, '', '', '', 0, 0, 0, NULL, 0, 0, 0, 0, '', '', 0, 0, '0.00', 0, '0.00', '0.00', 0, NULL, NULL, 'a:7:{s:2:"id";s:1:"1";s:8:"realname";s:6:"yangyu";s:6:"mobile";s:11:"18646283333";s:7:"address";s:4:"ffff";s:8:"province";s:12:"黑龙江省";s:4:"city";s:12:"哈尔滨市";s:4:"area";s:9:"南岗区";}', 0, 0, '0.00', '0.00', '5500.00', '0.00', 0, 0, '0.00', 0, NULL, NULL, 0, 0, 0, 0),
(2, 1, '1', 0, 'SH201602130022402781', '5500.00', '5500.00', '0.00', 0, 0, '', '', 1, '0.00', 0, 1455294160, 0, 'a:0:{}', 0, 0, 0, 0, 0, 0, 0, '', '', '', 0, 0, 0, NULL, 0, 0, 0, 0, '', '', 0, 0, '0.00', 0, '0.00', '0.00', 0, NULL, NULL, 'a:7:{s:2:"id";s:1:"1";s:8:"realname";s:6:"yangyu";s:6:"mobile";s:11:"18646283333";s:7:"address";s:4:"ffff";s:8:"province";s:12:"黑龙江省";s:4:"city";s:12:"哈尔滨市";s:4:"area";s:9:"南岗区";}', 0, 0, '0.00', '0.00', '5500.00', '0.00', 0, 0, '0.00', 0, NULL, NULL, 0, 0, 0, 0),
(3, 1, 'u1719b9d85a4ed50fd7c969184a2ce893', 0, 'SH201602132226464400', '5500.00', '5500.00', '0.00', 0, 0, '', '', 5, '0.00', 0, 1455373606, 0, 'a:0:{}', 0, 0, 0, 0, 0, 0, 0, '', '', '', 0, 0, 0, NULL, 0, 0, 0, 0, '', '', 0, 0, '0.00', 0, '0.00', '0.00', 0, NULL, NULL, 'a:7:{s:2:"id";s:1:"5";s:8:"realname";s:6:"YangYu";s:6:"mobile";s:11:"18646283333";s:7:"address";s:51:"南岗区中兴大道555号东辉明珠园G10-2-702";s:8:"province";s:12:"黑龙江省";s:4:"city";s:12:"哈尔滨市";s:4:"area";s:9:"市辖区";}', 0, 0, '0.00', '0.00', '5500.00', '0.00', 0, 0, '0.00', 0, NULL, NULL, 0, 0, 0, 0),
(4, 1, 'ua734710a6bbf3d227cc8ea027d1be612', 0, 'SH201602140327282366', '5500.00', '5500.00', '0.00', 0, 0, '', '', 8, '0.00', 0, 1455391648, 0, 'a:0:{}', 0, 0, 0, 0, 0, 0, 0, '', '', '', 0, 0, 0, NULL, 0, 0, 0, 0, '', '', 0, 0, '0.00', 0, '0.00', '0.00', 0, NULL, NULL, 'a:7:{s:2:"id";s:1:"8";s:8:"realname";s:4:"tim1";s:6:"mobile";s:11:"18646283333";s:7:"address";s:3:"111";s:8:"province";s:9:"天津市";s:4:"city";s:12:"天津辖区";s:4:"area";s:9:"和平区";}', 0, 0, '0.00', '0.00', '5500.00', '0.00', 0, 0, '0.00', 0, NULL, NULL, 0, 0, 0, 0),
(5, 1, 'u1719b9d85a4ed50fd7c969184a2ce893', 0, 'SH201602140415298493', '5500.00', '5500.00', '0.00', 0, 0, '', '', 5, '0.00', 0, 1455394529, 0, 'a:0:{}', 0, 0, 0, 0, 0, 0, 0, '', '', '', 0, 0, 0, NULL, 0, 0, 0, 0, '', '', 0, 0, '0.00', 0, '0.00', '0.00', 0, NULL, NULL, 'a:7:{s:2:"id";s:1:"5";s:8:"realname";s:6:"YangYu";s:6:"mobile";s:11:"18646283333";s:7:"address";s:51:"南岗区中兴大道555号东辉明珠园G10-2-702";s:8:"province";s:12:"黑龙江省";s:4:"city";s:12:"哈尔滨市";s:4:"area";s:9:"市辖区";}', 0, 0, '0.00', '0.00', '5500.00', '0.00', 0, 0, '0.00', 0, NULL, NULL, 0, 0, 0, 0),
(6, 1, 'uc03c7894d369a4f9b64e1b4cfa251215', 0, 'SH201602251741313583', '5500.00', '5500.00', '0.00', 1, 21, '', '', 10, '0.00', 0, 1456393291, 0, 'a:0:{}', 3, 0, 0, 0, 0, 1456393405, 1456393349, '', '', '', 1456393400, 0, 0, NULL, 0, 0, 0, 0, '', '', 0, 0, '0.00', 0, '0.00', '0.00', 0, NULL, NULL, 'a:7:{s:2:"id";s:2:"10";s:8:"realname";s:6:"yangyu";s:6:"mobile";s:11:"18646527273";s:7:"address";s:6:"223r2r";s:8:"province";s:9:"北京市";s:4:"city";s:12:"北京辖区";s:4:"area";s:9:"东城区";}', 0, 0, '0.00', '0.00', '5500.00', '0.00', 0, 0, '0.00', 0, NULL, NULL, 0, 0, 0, 0);

-- --------------------------------------------------------

--
-- 表的结构 `ims_sz_yi_order_comment`
--

CREATE TABLE IF NOT EXISTS `ims_sz_yi_order_comment` (
  `id` int(11) NOT NULL AUTO_INCREMENT,
  `uniacid` int(11) DEFAULT '0',
  `orderid` int(11) DEFAULT '0',
  `goodsid` int(11) DEFAULT '0',
  `openid` varchar(50) DEFAULT '',
  `nickname` varchar(50) DEFAULT '',
  `headimgurl` varchar(255) DEFAULT '',
  `level` tinyint(3) DEFAULT '0',
  `content` varchar(255) DEFAULT '',
  `images` text,
  `createtime` int(11) DEFAULT '0',
  `deleted` tinyint(3) DEFAULT '0',
  `append_content` varchar(255) DEFAULT '',
  `append_images` text,
  `reply_content` varchar(255) DEFAULT '',
  `reply_images` text,
  `append_reply_content` varchar(255) DEFAULT '',
  `append_reply_images` text,
  PRIMARY KEY (`id`),
  KEY `idx_uniacid` (`uniacid`),
  KEY `idx_goodsid` (`goodsid`),
  KEY `idx_openid` (`openid`),
  KEY `idx_createtime` (`createtime`),
  KEY `idx_orderid` (`orderid`)
) ENGINE=MyISAM DEFAULT CHARSET=utf8 AUTO_INCREMENT=1 ;

-- --------------------------------------------------------

--
-- 表的结构 `ims_sz_yi_order_goods`
--

CREATE TABLE IF NOT EXISTS `ims_sz_yi_order_goods` (
  `id` int(11) NOT NULL AUTO_INCREMENT,
  `uniacid` int(11) DEFAULT '0',
  `orderid` int(11) DEFAULT '0',
  `goodsid` int(11) DEFAULT '0',
  `price` decimal(10,2) DEFAULT '0.00',
  `total` int(11) DEFAULT '1',
  `optionid` int(10) DEFAULT '0',
  `createtime` int(11) DEFAULT '0',
  `optionname` text,
  `commission1` text COMMENT '0',
  `applytime1` int(11) DEFAULT '0',
  `checktime1` int(10) DEFAULT '0',
  `paytime1` int(11) DEFAULT '0',
  `invalidtime1` int(11) DEFAULT '0',
  `deletetime1` int(11) DEFAULT '0',
  `status1` tinyint(3) DEFAULT '0' COMMENT '申请状态，-2删除，-1无效，0未申请，1申请，2审核通过 3已打款',
  `content1` text,
  `commission2` text,
  `applytime2` int(11) DEFAULT '0',
  `checktime2` int(10) DEFAULT '0',
  `paytime2` int(11) DEFAULT '0',
  `invalidtime2` int(11) DEFAULT '0',
  `deletetime2` int(11) DEFAULT '0',
  `status2` tinyint(3) DEFAULT '0' COMMENT '申请状态，-2删除，-1无效，0未申请，1申请，2审核通过 3已打款',
  `content2` text,
  `commission3` text,
  `applytime3` int(11) DEFAULT '0',
  `checktime3` int(10) DEFAULT '0',
  `paytime3` int(11) DEFAULT '0',
  `invalidtime3` int(11) DEFAULT '0',
  `deletetime3` int(11) DEFAULT '0',
  `status3` tinyint(3) DEFAULT '0' COMMENT '申请状态，-2删除，-1无效，0未申请，1申请，2审核通过 3已打款',
  `content3` text,
  `realprice` decimal(10,2) DEFAULT '0.00',
  `goodssn` varchar(255) DEFAULT '',
  `productsn` varchar(255) DEFAULT '',
  `nocommission` tinyint(3) DEFAULT '0',
  `changeprice` decimal(10,2) DEFAULT '0.00',
  `oldprice` decimal(10,2) DEFAULT '0.00',
  `commissions` text,
  `supplier_uid` int(11) DEFAULT NULL,
  `diyformdataid` int(11) DEFAULT '0',
  `diyformid` int(11) DEFAULT '0',
  `diyformdata` text,
  `diyformfields` text,
  `supplier_apply_status` tinyint(4) NOT NULL COMMENT '1为供应商已提现',
  `openid` varchar(100) NOT NULL,
  `printstate` tinyint(3) DEFAULT '0',
  `printstate2` tinyint(3) DEFAULT '0',
  PRIMARY KEY (`id`),
  KEY `idx_uniacid` (`uniacid`),
  KEY `idx_orderid` (`orderid`),
  KEY `idx_goodsid` (`goodsid`),
  KEY `idx_createtime` (`createtime`),
  KEY `idx_applytime1` (`applytime1`),
  KEY `idx_checktime1` (`checktime1`),
  KEY `idx_status1` (`status1`),
  KEY `idx_applytime2` (`applytime2`),
  KEY `idx_checktime2` (`checktime2`),
  KEY `idx_status2` (`status2`),
  KEY `idx_applytime3` (`applytime3`),
  KEY `idx_invalidtime1` (`invalidtime1`),
  KEY `idx_checktime3` (`checktime3`),
  KEY `idx_invalidtime2` (`invalidtime2`),
  KEY `idx_invalidtime3` (`invalidtime3`),
  KEY `idx_status3` (`status3`),
  KEY `idx_paytime1` (`paytime1`),
  KEY `idx_paytime2` (`paytime2`),
  KEY `idx_paytime3` (`paytime3`)
) ENGINE=MyISAM  DEFAULT CHARSET=utf8 AUTO_INCREMENT=7 ;

--
-- 转存表中的数据 `ims_sz_yi_order_goods`
--

INSERT INTO `ims_sz_yi_order_goods` (`id`, `uniacid`, `orderid`, `goodsid`, `price`, `total`, `optionid`, `createtime`, `optionname`, `commission1`, `applytime1`, `checktime1`, `paytime1`, `invalidtime1`, `deletetime1`, `status1`, `content1`, `commission2`, `applytime2`, `checktime2`, `paytime2`, `invalidtime2`, `deletetime2`, `status2`, `content2`, `commission3`, `applytime3`, `checktime3`, `paytime3`, `invalidtime3`, `deletetime3`, `status3`, `content3`, `realprice`, `goodssn`, `productsn`, `nocommission`, `changeprice`, `oldprice`, `commissions`, `supplier_uid`, `diyformdataid`, `diyformid`, `diyformdata`, `diyformfields`, `supplier_apply_status`, `openid`, `printstate`, `printstate2`) VALUES
(1, 1, 1, 1, '5500.00', 1, 0, 1455292788, '', NULL, 0, 0, 0, 0, 0, 0, NULL, NULL, 0, 0, 0, 0, 0, 0, NULL, NULL, 0, 0, 0, 0, 0, 0, NULL, '5500.00', '', '', 0, '0.00', '5500.00', NULL, NULL, 0, 0, NULL, NULL, 0, '', 0, 0),
(2, 1, 2, 1, '5500.00', 1, 0, 1455294160, '', NULL, 0, 0, 0, 0, 0, 0, NULL, NULL, 0, 0, 0, 0, 0, 0, NULL, NULL, 0, 0, 0, 0, 0, 0, NULL, '5500.00', '', '', 0, '0.00', '5500.00', NULL, NULL, 0, 0, NULL, NULL, 0, '', 0, 0),
(3, 1, 3, 1, '5500.00', 1, 0, 1455373607, '', 'a:1:{s:7:"default";s:4:"1100";}', 0, 0, 0, 0, 0, 0, NULL, 'a:1:{s:7:"default";s:3:"550";}', 0, 0, 0, 0, 0, 0, NULL, 'a:1:{s:7:"default";s:3:"275";}', 0, 0, 0, 0, 0, 0, NULL, '5500.00', '', '', 0, '0.00', '5500.00', 'a:3:{s:6:"level1";i:0;s:6:"level2";i:0;s:6:"level3";i:0;}', NULL, 0, 0, NULL, NULL, 0, '', 0, 0),
(4, 1, 4, 1, '5500.00', 1, 0, 1455391648, '', 'a:1:{s:7:"default";s:4:"1100";}', 0, 0, 0, 0, 0, 0, NULL, 'a:1:{s:7:"default";s:3:"550";}', 0, 0, 0, 0, 0, 0, NULL, 'a:1:{s:7:"default";s:3:"275";}', 0, 0, 0, 0, 0, 0, NULL, '5500.00', '', '', 0, '0.00', '5500.00', 'a:3:{s:6:"level1";i:0;s:6:"level2";i:0;s:6:"level3";i:0;}', NULL, 0, 0, NULL, NULL, 0, '', 0, 0),
(5, 1, 5, 1, '5500.00', 1, 0, 1455394529, '', 'a:1:{s:7:"default";s:4:"1100";}', 0, 0, 0, 0, 0, 0, NULL, 'a:1:{s:7:"default";s:3:"550";}', 0, 0, 0, 0, 0, 0, NULL, 'a:1:{s:7:"default";s:3:"275";}', 0, 0, 0, 0, 0, 0, NULL, '5500.00', '', '', 0, '0.00', '5500.00', 'a:3:{s:6:"level1";i:0;s:6:"level2";i:0;s:6:"level3";i:0;}', NULL, 0, 0, NULL, NULL, 0, '', 0, 0),
(6, 1, 6, 1, '5500.00', 1, 0, 1456393291, '', 'a:1:{s:7:"default";s:4:"1100";}', 0, 0, 0, 0, 0, 0, NULL, 'a:1:{s:7:"default";s:3:"550";}', 0, 0, 0, 0, 0, 0, NULL, 'a:1:{s:7:"default";s:3:"275";}', 0, 0, 0, 0, 0, 0, NULL, '5500.00', '', '', 0, '0.00', '5500.00', 'a:3:{s:6:"level1";i:0;s:6:"level2";i:0;s:6:"level3";i:0;}', NULL, 0, 0, NULL, NULL, 0, '', 0, 0);

-- --------------------------------------------------------

--
-- 表的结构 `ims_sz_yi_order_refund`
--

CREATE TABLE IF NOT EXISTS `ims_sz_yi_order_refund` (
  `id` int(11) NOT NULL AUTO_INCREMENT,
  `uniacid` int(11) DEFAULT '0',
  `orderid` int(11) DEFAULT '0',
  `refundno` varchar(255) DEFAULT '',
  `price` varchar(255) DEFAULT '',
  `reason` varchar(255) DEFAULT '',
  `images` text,
  `content` text,
  `createtime` int(11) DEFAULT '0',
  `status` tinyint(3) DEFAULT '0' COMMENT '0申请 1 通过 2 驳回',
  `reply` text,
  `refundtype` tinyint(3) DEFAULT '0',
  PRIMARY KEY (`id`),
  KEY `idx_createtime` (`createtime`),
  KEY `idx_uniacid` (`uniacid`)
) ENGINE=MyISAM  DEFAULT CHARSET=utf8 AUTO_INCREMENT=4 ;

--
-- 转存表中的数据 `ims_sz_yi_order_refund`
--

INSERT INTO `ims_sz_yi_order_refund` (`id`, `uniacid`, `orderid`, `refundno`, `price`, `reason`, `images`, `content`, `createtime`, `status`, `reply`, `refundtype`) VALUES
(1, 2, 21, 'SR20160310022808972342', '99', '不想要了', NULL, '好吧', 1457548088, 1, '', 0),
(2, 2, 24, 'SR20160311010506966462', '99', '不想要了', NULL, '', 1457629506, 0, NULL, 0),
(3, 1, 6, 'SR20160312224935166898', '5500', '不想要了', NULL, '', 1457794175, 0, NULL, 0);

-- --------------------------------------------------------

--
-- 表的结构 `ims_sz_yi_perm_log`
--

CREATE TABLE IF NOT EXISTS `ims_sz_yi_perm_log` (
  `id` int(11) NOT NULL AUTO_INCREMENT,
  `uid` int(11) DEFAULT '0',
  `uniacid` int(11) DEFAULT '0',
  `name` varchar(255) DEFAULT '',
  `type` varchar(255) DEFAULT '',
  `op` text,
  `createtime` int(11) DEFAULT '0',
  `ip` varchar(255) DEFAULT '',
  PRIMARY KEY (`id`),
  KEY `idx_uid` (`uid`),
  KEY `idx_createtime` (`createtime`),
  KEY `idx_uniacid` (`uniacid`),
  FULLTEXT KEY `idx_type` (`type`),
  FULLTEXT KEY `idx_op` (`op`)
) ENGINE=MyISAM  DEFAULT CHARSET=utf8 AUTO_INCREMENT=52 ;

--
-- 转存表中的数据 `ims_sz_yi_perm_log`
--

INSERT INTO `ims_sz_yi_perm_log` (`id`, `uid`, `uniacid`, `name`, `type`, `op`, `createtime`, `ip`) VALUES
(1, 1, 1, '商城管理-商品分类-添加', 'shop.category.add', '添加分类 ID: 1', 1455292184, '127.0.0.1'),
(2, 1, 1, '商城管理-商品分类-添加', 'shop.category.add', '添加分类 ID: 2', 1455292469, '127.0.0.1'),
(3, 1, 1, '商城管理-商品-添加', 'shop.goods.add', '添加商品 ID: 1', 1455292517, '127.0.0.1'),
(4, 1, 1, '商城管理-商品-修改', 'shop.goods.edit', '编辑商品 ID: 1', 1455292744, '127.0.0.1'),
(5, 1, 1, '系统设置-修改-修改支付方式设置', 'sysset.save.pay', '修改系统设置-支付设置', 1455292822, '127.0.0.1'),
(6, 1, 1, '人人分销-分销商-审核', 'commission.agent.check', '审核分销商 <br/>分销商信息:  ID: 9 /  u1719b9d85a4ed50fd7c969184a2ce893//rain/18646283333', 1455324329, '127.0.0.1'),
(7, 1, 1, '人人分销-基础设置', 'commission.set', '修改基本设置', 1455325137, '127.0.0.1'),
(8, 1, 1, '系统设置-修改-修改交易设置', 'sysset.save.trade', '修改系统设置-交易设置', 1455390991, '127.0.0.1'),
(9, 1, 1, '系统设置-修改-修改交易设置', 'sysset.save.trade', '修改系统设置-交易设置', 1455391342, '127.0.0.1'),
(10, 1, 1, '系统设置-修改-修改交易设置', 'sysset.save.trade', '修改系统设置-交易设置', 1455391708, '127.0.0.1'),
(11, 1, 1, '人人分销-基础设置', 'commission.set', '修改基本设置', 1455397012, '127.0.0.1'),
(12, 1, 1, '人人分销-分销商-删除', 'commission.agent.delete', '取消分销商资格 <br/>分销商信息:  ID: 12 /  uc03c7894d369a4f9b64e1b4cfa251215///', 1455397048, '127.0.0.1'),
(13, 1, 1, '人人分销-分销商-删除', 'commission.agent.delete', '取消分销商资格 <br/>分销商信息:  ID: 10 /  ua734710a6bbf3d227cc8ea027d1be612///', 1455397057, '127.0.0.1'),
(14, 1, 1, '人人分销-分销商-删除', 'commission.agent.delete', '取消分销商资格 <br/>分销商信息:  ID: 9 /  u1719b9d85a4ed50fd7c969184a2ce893/rain/rain/18646283333', 1455397063, '127.0.0.1'),
(15, 1, 1, '人人分销-基础设置', 'commission.set', '修改基本设置', 1455397082, '127.0.0.1'),
(16, 1, 1, '系统设置-修改-修改商城设置', 'sysset.save.shop', '修改系统设置-商城设置', 1455398096, '127.0.0.1'),
(17, 1, 1, '', 'sysset.save.sms', '修改系统设置-短信设置', 1455472937, '127.0.0.1'),
(18, 1, 1, '', 'sysset.save.sms', '修改系统设置-短信设置', 1455473823, '127.0.0.1'),
(19, 1, 1, '', 'sysset.save.sms', '修改系统设置-短信设置', 1455478502, '127.0.0.1'),
(20, 1, 1, '', 'sysset.save.sms', '修改系统设置-短信设置', 1455478871, '127.0.0.1'),
(21, 1, 1, '财务管理-充值-充值余额', 'finance.recharge.credit2', '余额充值 充值金额: 100000 <br/>会员信息:  ID: 13 / uc03c7894d369a4f9b64e1b4cfa251215///18646588292', 1456393341, '127.0.0.1'),
(22, 1, 1, '订单管理-操作-发货', 'order.op.send', '订单发货 ID: 6 订单号: SH201602251741313583 <br/>快递公司:  快递单号: ', 1456393400, '127.0.0.1'),
(23, 1, 1, '订单管理-操作-确认收货(快递单)', 'order.op.finish', '订单完成 ID: 6 订单号: SH201602251741313583', 1456393405, '127.0.0.1'),
(24, 1, 1, '营销宝-满额优惠设置-保存', 'sale.enough.save', '修改满额优惠', 1456393649, '127.0.0.1'),
(25, 1, 1, '商城管理-配送方式-添加', 'shop.dispatch.add', '添加配送方式 ID: 1', 1456393705, '127.0.0.1'),
(26, 1, 1, '商城管理-商品-修改', 'shop.goods.edit', '编辑商品 ID: 1', 1456393767, '127.0.0.1'),
(27, 1, 1, '商城管理-商品-修改', 'shop.goods.edit', '编辑商品 ID: 1', 1456393792, '127.0.0.1'),
(28, 1, 1, '系统设置-修改-修改支付方式设置', 'sysset.save.pay', '修改系统设置-支付设置', 1456567592, '127.0.0.1'),
(29, 1, 1, '', 'diyform.category.add', '添加分类 ID: 1', 1457846781, '127.0.0.1'),
(30, 1, 1, '', 'diyform.category.edit', '批量修改分类', 1457846781, '127.0.0.1'),
(31, 1, 1, '', 'diyform.temp.add', '新建模板 ID: 1', 1457849519, '127.0.0.1'),
(32, 1, 1, '商城管理-商品-修改', 'shop.goods.edit', '编辑商品 ID: 1', 1457859075, '127.0.0.1'),
(33, 1, 1, '系统设置-修改-修改商城设置', 'sysset.save.shop', '修改系统设置-商城设置', 1458848181, '127.0.0.1'),
(34, 1, 1, '系统设置-修改-修改商城设置', 'sysset.save.shop', '修改系统设置-商城设置', 1458850186, '127.0.0.1'),
(35, 1, 1, '系统设置-修改-修改商城设置', 'sysset.save.shop', '修改系统设置-商城设置', 1458850199, '127.0.0.1'),
(36, 1, 1, '商城管理-商品-添加', 'shop.goods.add', '添加商品 ID: 2', 1459149553, '127.0.0.1'),
(37, 1, 1, '系统设置-修改-修改商城设置', 'sysset.save.shop', '修改系统设置-商城设置', 1459149949, '127.0.0.1'),
(38, 1, 1, '系统设置-修改-修改商城设置', 'sysset.save.shop', '修改系统设置-商城设置', 1459149962, '127.0.0.1'),
(39, 1, 1, '系统设置-修改-修改商城设置', 'sysset.save.shop', '修改系统设置-商城设置', 1459149978, '127.0.0.1'),
(40, 1, 1, '商城管理-商品-修改', 'shop.goods.edit', '编辑商品 ID: 2', 1459150031, '127.0.0.1'),
(41, 1, 1, '系统设置-修改-修改商城设置', 'sysset.save.shop', '修改系统设置-商城设置', 1459150075, '127.0.0.1'),
(42, 1, 1, '商城管理-商品-修改', 'shop.goods.edit', '编辑商品 ID: 2', 1459150198, '127.0.0.1'),
(43, 1, 1, '系统设置-修改-修改商城设置', 'sysset.save.shop', '修改系统设置-商城设置', 1459150520, '127.0.0.1'),
(44, 1, 1, '人人分销-基础设置', 'commission.set', '修改基本设置', 1459151215, '127.0.0.1'),
(45, 1, 1, '人人分销-基础设置', 'commission.set', '修改基本设置', 1459151231, '127.0.0.1'),
(46, 1, 1, '人人分销-基础设置', 'commission.set', '修改基本设置', 1459160143, '127.0.0.1'),
(47, 1, 1, '人人分销-基础设置', 'commission.set', '修改基本设置', 1459160299, '127.0.0.1'),
(48, 1, 1, '人人分销-基础设置', 'commission.set', '修改基本设置', 1459160306, '127.0.0.1'),
(49, 1, 1, '人人分销-基础设置', 'commission.set', '修改基本设置', 1459160319, '127.0.0.1'),
(50, 1, 1, '人人分销-基础设置', 'commission.set', '修改基本设置', 1459160330, '127.0.0.1'),
(51, 1, 1, '分权系统-操作员-添加', 'perm.user.add', '添加操作员 ID: 1 用户名: rainyang ', 1459181982, '127.0.0.1');

-- --------------------------------------------------------

--
-- 表的结构 `ims_sz_yi_perm_plugin`
--

CREATE TABLE IF NOT EXISTS `ims_sz_yi_perm_plugin` (
  `id` int(11) NOT NULL AUTO_INCREMENT,
  `acid` int(11) DEFAULT '0',
  `uid` int(11) DEFAULT '0',
  `type` tinyint(3) DEFAULT '0',
  `plugins` text,
  PRIMARY KEY (`id`),
  KEY `idx_uid` (`uid`),
  KEY `idx_acid` (`acid`),
  KEY `idx_type` (`type`)
) ENGINE=MyISAM DEFAULT CHARSET=utf8 AUTO_INCREMENT=1 ;

-- --------------------------------------------------------

--
-- 表的结构 `ims_sz_yi_perm_role`
--

CREATE TABLE IF NOT EXISTS `ims_sz_yi_perm_role` (
  `id` int(11) NOT NULL AUTO_INCREMENT,
  `uniacid` int(11) DEFAULT '0',
  `rolename` varchar(255) DEFAULT '',
  `status` tinyint(3) DEFAULT '0',
  `perms` text,
  `deleted` tinyint(3) DEFAULT '0',
  `status1` tinyint(3) DEFAULT NULL,
  PRIMARY KEY (`id`),
  KEY `idx_uniacid` (`uniacid`),
  KEY `idx_status` (`status`),
  KEY `idx_deleted` (`deleted`)
) ENGINE=MyISAM  DEFAULT CHARSET=utf8 AUTO_INCREMENT=2 ;

--
-- 转存表中的数据 `ims_sz_yi_perm_role`
--

INSERT INTO `ims_sz_yi_perm_role` (`id`, `uniacid`, `rolename`, `status`, `perms`, `deleted`, `status1`) VALUES
(1, 0, '供应商', 1, 'shop,shop.goods,shop.person,shop.goods.view,shop.goods.add,shop.goods.edit,shop.goods.delete,order,order.view,order.view.status_1,order.view.status0,order.view.status1,order.view.status2,order.view.status3,order.view.status4,order.view.status5,order.view.status9,order.op,order.op.pay,order.op.send,order.op.sendcancel,order.op.finish,order.op.verify,order.op.fetch,order.op.close,order.op.refund,order.op.export,order.op.changeprice,commission,commission.supplier,commission.supplier.edit,commission.supplier.check', 0, 1);

-- --------------------------------------------------------

--
-- 表的结构 `ims_sz_yi_perm_user`
--

CREATE TABLE IF NOT EXISTS `ims_sz_yi_perm_user` (
  `id` int(11) NOT NULL AUTO_INCREMENT,
  `uniacid` int(11) DEFAULT '0',
  `uid` int(11) DEFAULT '0',
  `username` varchar(255) DEFAULT '',
  `password` varchar(255) DEFAULT '',
  `roleid` int(11) DEFAULT '0',
  `status` int(11) DEFAULT '0',
  `perms` text,
  `deleted` tinyint(3) DEFAULT '0',
  `realname` varchar(255) DEFAULT '',
  `mobile` varchar(255) DEFAULT '',
  `banknumber` varchar(255) NOT NULL COMMENT '银行卡号',
  `accountname` varchar(255) NOT NULL COMMENT '开户名',
  `accountbank` varchar(255) NOT NULL COMMENT '开户行',
  `openid` varchar(255) NOT NULL,
  PRIMARY KEY (`id`),
  KEY `idx_uniacid` (`uniacid`),
  KEY `idx_uid` (`uid`),
  KEY `idx_roleid` (`roleid`),
  KEY `idx_status` (`status`),
  KEY `idx_deleted` (`deleted`)
) ENGINE=MyISAM  DEFAULT CHARSET=utf8 AUTO_INCREMENT=2 ;

--
-- 转存表中的数据 `ims_sz_yi_perm_user`
--

INSERT INTO `ims_sz_yi_perm_user` (`id`, `uniacid`, `uid`, `username`, `password`, `roleid`, `status`, `perms`, `deleted`, `realname`, `mobile`, `banknumber`, `accountname`, `accountbank`, `openid`) VALUES
(1, 1, 2, 'rainyang', '223c46de6cf3d19333c1b98cc4bf5edc113e1bc5', 1, 1, '', 0, 'fs', '+15146111656', '123123', '12312', '3123', '');

-- --------------------------------------------------------

--
-- 表的结构 `ims_sz_yi_plugin`
--

CREATE TABLE IF NOT EXISTS `ims_sz_yi_plugin` (
  `id` int(11) NOT NULL AUTO_INCREMENT,
  `displayorder` int(11) DEFAULT '0',
  `identity` varchar(50) DEFAULT '',
  `name` varchar(50) DEFAULT '',
  `version` varchar(10) DEFAULT '',
  `author` varchar(20) DEFAULT '',
  `status` tinyint(3) DEFAULT '0',
  `category` varchar(255) DEFAULT '0',
  PRIMARY KEY (`id`),
  KEY `idx_displayorder` (`displayorder`),
  FULLTEXT KEY `idx_identity` (`identity`)
) ENGINE=MyISAM  DEFAULT CHARSET=utf8 AUTO_INCREMENT=21 ;

--
-- 转存表中的数据 `ims_sz_yi_plugin`
--

INSERT INTO `ims_sz_yi_plugin` (`id`, `displayorder`, `identity`, `name`, `version`, `author`, `status`, `category`) VALUES
(1, 1, 'qiniu', '七牛存储', '1.0', '官方', 1, 'tool'),
(2, 2, 'taobao', '淘宝助手', '1.0', '官方', 1, 'tool'),
(3, 3, 'commission', '人人分销', '1.0', '官方', 1, 'biz'),
(4, 4, 'poster', '超级海报', '1.2', '官方', 1, 'sale'),
(5, 5, 'verify', 'O2O核销', '1.0', '官方', 1, 'biz'),
(6, 6, 'perm', '分权系统', '1.0', '官方', 0, 'help'),
(7, 7, 'sale', '营销宝', '1.0', '官方', 0, 'sale'),
(8, 8, 'tmessage', '会员群发', '1.0', '官方', 1, 'tool'),
(9, 9, 'designer', '店铺装修', '1.0', '官方', 1, 'tool'),
(10, 10, 'creditshop', '积分商城', '1.0', '官方', 0, 'biz'),
(11, 11, 'virtual', '虚拟物品', '1.0', '官方', 0, 'biz'),
(12, 12, 'article', '文章营销', '1.0', '官方', 1, 'sale'),
(13, 13, 'coupon', '超级券', '1.0', '官方', 0, 'sale'),
(14, 14, 'postera', '活动海报', '1.0', '官方', 0, 'sale'),
(15, 15, 'yunpay', '云支付', '1.0', '芸众', 1, 'biz'),
(16, 16, 'exhelper', '快递助手', '1.0', '官方', 1, 'biz'),
(17, 0, 'diyform', '自定义表单', '1.0', '官方', 1, 'help'),
(18, 0, 'supplier', '供应商', '1.0', '官方', 1, 'biz'),
(19, 17, 'bonus', '芸众分红', '1.0', '官方', 1, 'biz'),
(20, 20, 'system', '系统工具', '1.0', '官方', 1, 'help');

-- --------------------------------------------------------

--
-- 表的结构 `ims_sz_yi_poster`
--

CREATE TABLE IF NOT EXISTS `ims_sz_yi_poster` (
  `id` int(11) NOT NULL AUTO_INCREMENT,
  `uniacid` int(11) DEFAULT '0',
  `type` tinyint(3) DEFAULT '0' COMMENT '1 首页 2 小店 3 商城 4 自定义',
  `title` varchar(255) DEFAULT '',
  `bg` varchar(255) DEFAULT '',
  `data` text,
  `keyword` varchar(255) DEFAULT '',
  `times` int(11) DEFAULT '0',
  `follows` int(11) DEFAULT '0',
  `isdefault` tinyint(3) DEFAULT '0',
  `resptitle` varchar(255) DEFAULT '',
  `respthumb` varchar(255) DEFAULT '',
  `createtime` int(11) DEFAULT '0',
  `respdesc` varchar(255) DEFAULT '',
  `respurl` varchar(255) DEFAULT '',
  `waittext` varchar(255) DEFAULT '',
  `oktext` varchar(255) DEFAULT '',
  `subcredit` int(11) DEFAULT '0',
  `submoney` decimal(10,2) DEFAULT '0.00',
  `reccredit` int(11) DEFAULT '0',
  `recmoney` decimal(10,2) DEFAULT '0.00',
  `paytype` tinyint(1) DEFAULT '0',
  `scantext` varchar(255) DEFAULT '',
  `subtext` varchar(255) DEFAULT '',
  `beagent` tinyint(3) DEFAULT '0',
  `bedown` tinyint(3) DEFAULT '0',
  `isopen` tinyint(3) DEFAULT '0',
  `opentext` varchar(255) DEFAULT '',
  `openurl` varchar(255) DEFAULT '',
  `templateid` varchar(255) DEFAULT '',
  `subpaycontent` text,
  `recpaycontent` text,
  `entrytext` varchar(255) DEFAULT '',
  `reccouponid` int(11) DEFAULT '0',
  `reccouponnum` int(11) DEFAULT '0',
  `subcouponid` int(11) DEFAULT '0',
  `subcouponnum` int(11) DEFAULT '0',
  PRIMARY KEY (`id`),
  KEY `idx_uniacid` (`uniacid`),
  KEY `idx_type` (`type`),
  KEY `idx_times` (`times`),
  KEY `idx_isdefault` (`isdefault`),
  KEY `idx_createtime` (`createtime`)
) ENGINE=MyISAM DEFAULT CHARSET=utf8 AUTO_INCREMENT=1 ;

-- --------------------------------------------------------

--
-- 表的结构 `ims_sz_yi_postera`
--

CREATE TABLE IF NOT EXISTS `ims_sz_yi_postera` (
  `id` int(11) NOT NULL AUTO_INCREMENT,
  `uniacid` int(11) DEFAULT '0',
  `type` tinyint(3) DEFAULT '0' COMMENT '1 首页 2 小店 3 商城 4 自定义',
  `days` int(11) DEFAULT '0',
  `title` varchar(255) DEFAULT '',
  `bg` varchar(255) DEFAULT '',
  `data` text,
  `keyword` varchar(255) DEFAULT '',
  `isdefault` tinyint(3) DEFAULT '0',
  `resptitle` varchar(255) DEFAULT '',
  `respthumb` varchar(255) DEFAULT '',
  `createtime` int(11) DEFAULT '0',
  `respdesc` varchar(255) DEFAULT '',
  `respurl` varchar(255) DEFAULT '',
  `waittext` varchar(255) DEFAULT '',
  `oktext` varchar(255) DEFAULT '',
  `subcredit` int(11) DEFAULT '0',
  `submoney` decimal(10,2) DEFAULT '0.00',
  `reccredit` int(11) DEFAULT '0',
  `recmoney` decimal(10,2) DEFAULT '0.00',
  `scantext` varchar(255) DEFAULT '',
  `subtext` varchar(255) DEFAULT '',
  `beagent` tinyint(3) DEFAULT '0',
  `bedown` tinyint(3) DEFAULT '0',
  `isopen` tinyint(3) DEFAULT '0',
  `opentext` varchar(255) DEFAULT '',
  `openurl` varchar(255) DEFAULT '',
  `paytype` tinyint(1) NOT NULL DEFAULT '0',
  `subpaycontent` text,
  `recpaycontent` varchar(255) DEFAULT '',
  `templateid` varchar(255) DEFAULT '',
  `entrytext` varchar(255) DEFAULT '',
  `reccouponid` int(11) DEFAULT '0',
  `reccouponnum` int(11) DEFAULT '0',
  `subcouponid` int(11) DEFAULT '0',
  `subcouponnum` int(11) DEFAULT '0',
  `timestart` int(11) DEFAULT '0',
  `timeend` int(11) DEFAULT '0',
  `status` tinyint(3) DEFAULT '0',
  `goodsid` int(11) DEFAULT '0',
  PRIMARY KEY (`id`),
  KEY `idx_uniacid` (`uniacid`),
  KEY `idx_type` (`type`),
  KEY `idx_isdefault` (`isdefault`),
  KEY `idx_createtime` (`createtime`)
) ENGINE=MyISAM DEFAULT CHARSET=utf8 AUTO_INCREMENT=1 ;

-- --------------------------------------------------------

--
-- 表的结构 `ims_sz_yi_postera_log`
--

CREATE TABLE IF NOT EXISTS `ims_sz_yi_postera_log` (
  `id` int(11) NOT NULL AUTO_INCREMENT,
  `uniacid` int(11) DEFAULT '0',
  `openid` varchar(255) DEFAULT '',
  `posterid` int(11) DEFAULT '0',
  `from_openid` varchar(255) DEFAULT '',
  `subcredit` int(11) DEFAULT '0',
  `submoney` decimal(10,2) DEFAULT '0.00',
  `reccredit` int(11) DEFAULT '0',
  `recmoney` decimal(10,2) DEFAULT '0.00',
  `createtime` int(11) DEFAULT '0',
  `reccouponid` int(11) DEFAULT '0',
  `reccouponnum` int(11) DEFAULT '0',
  `subcouponid` int(11) DEFAULT '0',
  `subcouponnum` int(11) DEFAULT '0',
  PRIMARY KEY (`id`),
  KEY `idx_uniacid` (`uniacid`),
  KEY `idx_openid` (`openid`),
  KEY `idx_createtime` (`createtime`),
  KEY `idx_posteraid` (`posterid`),
  FULLTEXT KEY `idx_from_openid` (`from_openid`)
) ENGINE=MyISAM DEFAULT CHARSET=utf8 AUTO_INCREMENT=1 ;

-- --------------------------------------------------------

--
-- 表的结构 `ims_sz_yi_postera_qr`
--

CREATE TABLE IF NOT EXISTS `ims_sz_yi_postera_qr` (
  `id` int(11) NOT NULL AUTO_INCREMENT,
  `acid` int(10) unsigned NOT NULL,
  `openid` varchar(100) NOT NULL DEFAULT '',
  `posterid` int(11) DEFAULT '0',
  `type` tinyint(3) DEFAULT '0',
  `sceneid` int(11) DEFAULT '0',
  `mediaid` varchar(255) DEFAULT '',
  `ticket` varchar(250) NOT NULL,
  `url` varchar(80) NOT NULL,
  `createtime` int(10) unsigned NOT NULL,
  `goodsid` int(11) DEFAULT '0',
  `qrimg` varchar(1000) DEFAULT '',
  `expire` int(11) DEFAULT '0',
  `endtime` int(11) DEFAULT '0',
  PRIMARY KEY (`id`),
  KEY `idx_acid` (`acid`),
  KEY `idx_sceneid` (`sceneid`),
  KEY `idx_type` (`type`),
  KEY `idx_posterid` (`posterid`)
) ENGINE=MyISAM DEFAULT CHARSET=utf8 AUTO_INCREMENT=1 ;

-- --------------------------------------------------------

--
-- 表的结构 `ims_sz_yi_poster_log`
--

CREATE TABLE IF NOT EXISTS `ims_sz_yi_poster_log` (
  `id` int(11) NOT NULL AUTO_INCREMENT,
  `uniacid` int(11) DEFAULT '0',
  `openid` varchar(255) DEFAULT '',
  `posterid` int(11) DEFAULT '0',
  `from_openid` varchar(255) DEFAULT '',
  `subcredit` int(11) DEFAULT '0',
  `submoney` decimal(10,2) DEFAULT '0.00',
  `reccredit` int(11) DEFAULT '0',
  `recmoney` decimal(10,2) DEFAULT '0.00',
  `createtime` int(11) DEFAULT '0',
  `reccouponid` int(11) DEFAULT '0',
  `reccouponnum` int(11) DEFAULT '0',
  `subcouponid` int(11) DEFAULT '0',
  `subcouponnum` int(11) DEFAULT '0',
  PRIMARY KEY (`id`),
  KEY `idx_uniacid` (`uniacid`),
  KEY `idx_openid` (`openid`),
  KEY `idx_createtime` (`createtime`),
  KEY `idx_posterid` (`posterid`),
  FULLTEXT KEY `idx_from_openid` (`from_openid`)
) ENGINE=MyISAM DEFAULT CHARSET=utf8 AUTO_INCREMENT=1 ;

-- --------------------------------------------------------

--
-- 表的结构 `ims_sz_yi_poster_qr`
--

CREATE TABLE IF NOT EXISTS `ims_sz_yi_poster_qr` (
  `id` int(11) NOT NULL AUTO_INCREMENT,
  `acid` int(10) unsigned NOT NULL,
  `openid` varchar(100) NOT NULL DEFAULT '',
  `type` tinyint(3) DEFAULT '0',
  `sceneid` int(11) DEFAULT '0',
  `mediaid` varchar(255) DEFAULT '',
  `ticket` varchar(250) NOT NULL,
  `url` varchar(80) NOT NULL,
  `createtime` int(10) unsigned NOT NULL,
  `goodsid` int(11) DEFAULT '0',
  `qrimg` varchar(1000) DEFAULT '',
  `scenestr` varchar(255) DEFAULT '',
  PRIMARY KEY (`id`),
  KEY `idx_acid` (`acid`),
  KEY `idx_sceneid` (`sceneid`),
  KEY `idx_type` (`type`),
  FULLTEXT KEY `idx_openid` (`openid`)
) ENGINE=MyISAM DEFAULT CHARSET=utf8 AUTO_INCREMENT=1 ;

-- --------------------------------------------------------

--
-- 表的结构 `ims_sz_yi_poster_scan`
--

CREATE TABLE IF NOT EXISTS `ims_sz_yi_poster_scan` (
  `id` int(11) NOT NULL AUTO_INCREMENT,
  `uniacid` int(11) DEFAULT '0',
  `posterid` int(11) DEFAULT '0',
  `openid` varchar(255) DEFAULT '',
  `from_openid` varchar(255) DEFAULT '',
  `scantime` int(11) DEFAULT '0',
  PRIMARY KEY (`id`),
  KEY `idx_uniacid` (`uniacid`),
  KEY `idx_posterid` (`posterid`),
  KEY `idx_scantime` (`scantime`),
  FULLTEXT KEY `idx_openid` (`openid`)
) ENGINE=MyISAM DEFAULT CHARSET=utf8 AUTO_INCREMENT=1 ;

-- --------------------------------------------------------

--
-- 表的结构 `ims_sz_yi_saler`
--

CREATE TABLE IF NOT EXISTS `ims_sz_yi_saler` (
  `id` int(11) NOT NULL AUTO_INCREMENT,
  `storeid` int(11) DEFAULT '0',
  `uniacid` int(11) DEFAULT '0',
  `openid` varchar(255) DEFAULT '',
  `status` tinyint(3) DEFAULT '0',
  `salername` varchar(255) DEFAULT '0',
  PRIMARY KEY (`id`),
  KEY `idx_storeid` (`storeid`),
  KEY `idx_uniacid` (`uniacid`)
) ENGINE=MyISAM DEFAULT CHARSET=utf8 AUTO_INCREMENT=1 ;

-- --------------------------------------------------------

--
-- 表的结构 `ims_sz_yi_send_sms`
--

CREATE TABLE IF NOT EXISTS `ims_sz_yi_send_sms` (
  `id` int(11) NOT NULL AUTO_INCREMENT,
  `mobile` varchar(11) NOT NULL,
  `code` int(11) NOT NULL,
  `created` int(11) NOT NULL,
  `status` int(11) NOT NULL DEFAULT '1',
  PRIMARY KEY (`id`)
) ENGINE=MyISAM DEFAULT CHARSET=latin1 COMMENT='注册短信验证' AUTO_INCREMENT=1 ;

-- --------------------------------------------------------

--
-- 表的结构 `ims_sz_yi_store`
--

CREATE TABLE IF NOT EXISTS `ims_sz_yi_store` (
  `id` int(11) NOT NULL AUTO_INCREMENT,
  `uniacid` int(11) DEFAULT '0',
  `storename` varchar(255) DEFAULT '',
  `address` varchar(255) DEFAULT '',
  `tel` varchar(255) DEFAULT '',
  `lat` varchar(255) DEFAULT '',
  `lng` varchar(255) DEFAULT '',
  `status` tinyint(3) DEFAULT '0',
  `realname` varchar(255) DEFAULT '',
  `mobile` varchar(255) DEFAULT '',
  `fetchtime` varchar(255) DEFAULT '',
  `type` tinyint(1) DEFAULT '0',
  PRIMARY KEY (`id`),
  KEY `idx_uniacid` (`uniacid`),
  KEY `idx_status` (`status`)
) ENGINE=MyISAM DEFAULT CHARSET=utf8 AUTO_INCREMENT=1 ;

-- --------------------------------------------------------

--
-- 表的结构 `ims_sz_yi_supplier_apply`
--

CREATE TABLE IF NOT EXISTS `ims_sz_yi_supplier_apply` (
  `id` int(11) NOT NULL AUTO_INCREMENT,
  `uid` int(11) NOT NULL COMMENT '供应商id',
  `type` int(11) NOT NULL COMMENT '1手动2微信',
  `applysn` varchar(255) NOT NULL COMMENT '提现单号',
  `apply_money` int(11) NOT NULL COMMENT '申请金额',
  `apply_time` int(11) NOT NULL COMMENT '申请时间',
  `status` tinyint(3) NOT NULL COMMENT '0为申请状态1为完成状态',
  `finish_time` int(11) NOT NULL COMMENT '完成时间',
  PRIMARY KEY (`id`)
) ENGINE=MyISAM DEFAULT CHARSET=latin1 ROW_FORMAT=COMPACT AUTO_INCREMENT=1 ;

-- --------------------------------------------------------

--
-- 表的结构 `ims_sz_yi_sysset`
--

CREATE TABLE IF NOT EXISTS `ims_sz_yi_sysset` (
  `id` int(11) NOT NULL AUTO_INCREMENT,
  `uniacid` int(11) DEFAULT '0',
  `sets` text,
  `plugins` text,
  `sec` text,
  PRIMARY KEY (`id`),
  KEY `idx_uniacid` (`uniacid`)
) ENGINE=MyISAM  DEFAULT CHARSET=utf8 AUTO_INCREMENT=2 ;

--
-- 转存表中的数据 `ims_sz_yi_sysset`
--

INSERT INTO `ims_sz_yi_sysset` (`id`, `uniacid`, `sets`, `plugins`, `sec`) VALUES
(1, 1, 'a:4:{s:3:"pay";a:8:{s:6:"weixin";s:1:"1";s:11:"weixin_cert";s:0:"";s:10:"weixin_key";s:0:"";s:11:"weixin_root";s:0:"";s:6:"alipay";s:1:"1";s:6:"yunpay";s:1:"1";s:6:"credit";s:1:"1";s:4:"cash";s:1:"1";}s:5:"trade";a:13:{s:10:"closeorder";s:0:"";s:14:"closeordertime";s:0:"";s:7:"receive";s:0:"";s:11:"receivetime";s:0:"";s:10:"refunddays";s:0:"";s:13:"refundcontent";s:0:"";s:13:"closerecharge";s:1:"0";s:8:"withdraw";s:1:"0";s:13:"withdrawmoney";s:0:"";s:5:"money";s:0:"";s:6:"credit";s:0:"";s:12:"shareaddress";s:1:"1";s:6:"paylog";s:1:"0";}s:4:"shop";a:6:{s:4:"name";s:12:"测试商城";s:3:"img";s:0:"";s:4:"logo";s:0:"";s:7:"signimg";s:0:"";s:7:"diycode";s:0:"";s:8:"cservice";s:0:"";}s:3:"sms";a:2:{s:7:"account";s:10:"cf_laizula";s:8:"password";s:10:"laizula123";}}', 'a:3:{s:10:"commission";a:26:{s:5:"texts";a:21:{s:5:"agent";s:9:"分销商";s:4:"shop";s:6:"小店";s:6:"myshop";s:12:"我的小店";s:6:"center";s:12:"分销中心";s:6:"become";s:15:"成为分销商";s:8:"withdraw";s:6:"提现";s:10:"commission";s:6:"佣金";s:11:"commission1";s:12:"分销佣金";s:16:"commission_total";s:12:"累计佣金";s:13:"commission_ok";s:15:"可提现佣金";s:16:"commission_apply";s:15:"已申请佣金";s:16:"commission_check";s:15:"待打款佣金";s:15:"commission_lock";s:15:"未结算佣金";s:14:"commission_pay";s:18:"成功提现佣金";s:17:"commission_detail";s:12:"佣金明细";s:5:"order";s:12:"分销订单";s:6:"myteam";s:12:"我的团队";s:2:"c1";s:6:"一级";s:2:"c2";s:6:"二级";s:2:"c3";s:6:"三级";s:10:"mycustomer";s:12:"我的客户";}s:5:"level";s:1:"3";s:11:"commission1";s:2:"20";s:11:"commission2";s:2:"10";s:11:"commission3";s:1:"5";s:7:"selfbuy";s:1:"0";s:12:"become_child";s:1:"0";s:6:"become";s:1:"0";s:17:"become_ordercount";s:0:"";s:17:"become_moneycount";s:0:"";s:12:"become_order";s:1:"0";s:10:"become_reg";s:1:"1";s:12:"become_check";s:1:"1";s:8:"withdraw";s:0:"";s:13:"closetocredit";s:1:"0";s:10:"settledays";s:0:"";s:8:"levelurl";s:0:"";s:12:"select_goods";s:1:"0";s:11:"closemyshop";s:1:"0";s:15:"openorderdetail";s:1:"0";s:14:"openorderbuyer";s:1:"0";s:9:"levelname";s:12:"普通等级";s:9:"leveltype";s:1:"0";s:5:"style";s:7:"default";s:5:"regbg";s:0:"";s:10:"buttontext";s:12:"我要分销";}s:4:"sale";a:6:{s:10:"enoughfree";i:1;s:11:"enoughorder";d:100;s:11:"enoughareas";s:0:"";s:11:"enoughmoney";d:0;s:12:"enoughdeduct";d:0;s:7:"enoughs";a:0:{}}s:5:"bonus";a:13:{s:5:"texts";a:10:{s:5:"agent";s:9:"代理商";s:11:"premiername";s:12:"最高级别";s:6:"center";s:12:"分红中心";s:11:"commission1";s:12:"分红佣金";s:16:"commission_total";s:12:"累计佣金";s:13:"commission_ok";s:15:"可提现佣金";s:14:"commission_pay";s:18:"成功提现佣金";s:17:"commission_detail";s:12:"分红明细";s:5:"order";s:12:"分红订单";s:10:"mycustomer";s:12:"我的客户";}s:5:"start";s:1:"1";s:7:"selfbuy";s:1:"0";s:9:"paymethod";s:1:"0";s:10:"sendmethod";s:1:"0";s:9:"sendmonth";s:1:"0";s:11:"senddaytime";s:1:"1";s:10:"settledays";s:0:"";s:8:"levelurl";s:0:"";s:15:"openorderdetail";s:1:"0";s:14:"openorderbuyer";s:1:"0";s:9:"levelname";s:12:"普通等级";s:9:"leveltype";a:3:{i:0;s:1:"4";i:1;s:1:"8";i:2;s:1:"9";}}}', 's:0:"";');

-- --------------------------------------------------------

--
-- 表的结构 `ims_sz_yi_virtual_category`
--

CREATE TABLE IF NOT EXISTS `ims_sz_yi_virtual_category` (
  `id` int(11) NOT NULL AUTO_INCREMENT,
  `uniacid` int(11) DEFAULT '0' COMMENT '所属帐号',
  `name` varchar(50) DEFAULT NULL COMMENT '分类名称',
  PRIMARY KEY (`id`),
  KEY `idx_uniacid` (`uniacid`)
) ENGINE=MyISAM DEFAULT CHARSET=utf8 AUTO_INCREMENT=1 ;

-- --------------------------------------------------------

--
-- 表的结构 `ims_sz_yi_virtual_data`
--

CREATE TABLE IF NOT EXISTS `ims_sz_yi_virtual_data` (
  `id` int(11) NOT NULL AUTO_INCREMENT,
  `uniacid` int(11) NOT NULL DEFAULT '0',
  `typeid` int(11) NOT NULL DEFAULT '0' COMMENT '类型id',
  `pvalue` varchar(255) DEFAULT '' COMMENT '主键键值',
  `fields` text NOT NULL COMMENT '字符集',
  `openid` varchar(255) NOT NULL DEFAULT '' COMMENT '使用者openid',
  `usetime` int(11) NOT NULL DEFAULT '0' COMMENT '使用时间',
  `orderid` int(11) DEFAULT '0',
  `ordersn` varchar(255) DEFAULT '',
  `price` decimal(10,2) DEFAULT '0.00',
  PRIMARY KEY (`id`),
  KEY `idx_uniacid` (`uniacid`),
  KEY `idx_typeid` (`typeid`),
  KEY `idx_usetime` (`usetime`),
  KEY `idx_orderid` (`orderid`)
) ENGINE=MyISAM DEFAULT CHARSET=utf8 AUTO_INCREMENT=1 ;

-- --------------------------------------------------------

--
-- 表的结构 `ims_sz_yi_virtual_type`
--

CREATE TABLE IF NOT EXISTS `ims_sz_yi_virtual_type` (
  `id` int(11) NOT NULL AUTO_INCREMENT,
  `uniacid` int(11) NOT NULL DEFAULT '0',
  `cate` int(11) DEFAULT '0',
  `title` varchar(255) NOT NULL DEFAULT '' COMMENT '分类名称',
  `fields` text NOT NULL COMMENT '字段集',
  `usedata` int(11) NOT NULL DEFAULT '0' COMMENT '已用数据',
  `alldata` int(11) NOT NULL DEFAULT '0' COMMENT '全部数据',
  PRIMARY KEY (`id`),
  KEY `idx_uniacid` (`uniacid`),
  KEY `idx_cate` (`cate`)
) ENGINE=MyISAM DEFAULT CHARSET=utf8 AUTO_INCREMENT=1 ;

-- --------------------------------------------------------

--
-- 表的结构 `ims_uni_account`
--

CREATE TABLE IF NOT EXISTS `ims_uni_account` (
  `uniacid` int(10) unsigned NOT NULL AUTO_INCREMENT,
  `groupid` int(10) NOT NULL,
  `name` varchar(100) NOT NULL,
  `description` varchar(255) NOT NULL,
  `default_acid` int(10) unsigned NOT NULL,
  `rank` tinyint(1) DEFAULT NULL,
  PRIMARY KEY (`uniacid`)
) ENGINE=MyISAM  DEFAULT CHARSET=utf8 AUTO_INCREMENT=2 ;

--
-- 转存表中的数据 `ims_uni_account`
--

INSERT INTO `ims_uni_account` (`uniacid`, `groupid`, `name`, `description`, `default_acid`, `rank`) VALUES
(1, -1, '微擎团队', '一个朝气蓬勃的团队', 1, NULL);

-- --------------------------------------------------------

--
-- 表的结构 `ims_uni_account_group`
--

CREATE TABLE IF NOT EXISTS `ims_uni_account_group` (
  `id` int(10) unsigned NOT NULL AUTO_INCREMENT,
  `uniacid` int(10) unsigned NOT NULL,
  `groupid` int(10) NOT NULL,
  PRIMARY KEY (`id`)
) ENGINE=MyISAM DEFAULT CHARSET=utf8 AUTO_INCREMENT=1 ;

-- --------------------------------------------------------

--
-- 表的结构 `ims_uni_account_menus`
--

CREATE TABLE IF NOT EXISTS `ims_uni_account_menus` (
  `id` int(10) unsigned NOT NULL AUTO_INCREMENT,
  `uniacid` int(10) unsigned NOT NULL,
  `menuid` int(10) unsigned NOT NULL,
  `type` tinyint(3) unsigned NOT NULL,
  `title` varchar(30) NOT NULL,
  `sex` tinyint(3) unsigned NOT NULL,
  `group_id` int(10) NOT NULL,
  `client_platform_type` tinyint(3) unsigned NOT NULL,
  `area` varchar(50) NOT NULL,
  `data` text NOT NULL,
  `status` tinyint(3) unsigned NOT NULL,
  `createtime` int(10) unsigned NOT NULL,
  PRIMARY KEY (`id`),
  KEY `uniacid` (`uniacid`),
  KEY `menuid` (`menuid`)
) ENGINE=MyISAM DEFAULT CHARSET=utf8 AUTO_INCREMENT=1 ;

-- --------------------------------------------------------

--
-- 表的结构 `ims_uni_account_modules`
--

CREATE TABLE IF NOT EXISTS `ims_uni_account_modules` (
  `id` int(10) unsigned NOT NULL AUTO_INCREMENT,
  `uniacid` int(10) unsigned NOT NULL,
  `module` varchar(50) NOT NULL,
  `enabled` tinyint(1) unsigned NOT NULL,
  `settings` text NOT NULL,
  PRIMARY KEY (`id`),
  KEY `idx_module` (`module`),
  KEY `idx_uniacid` (`uniacid`)
) ENGINE=MyISAM  DEFAULT CHARSET=utf8 AUTO_INCREMENT=9 ;

--
-- 转存表中的数据 `ims_uni_account_modules`
--

INSERT INTO `ims_uni_account_modules` (`id`, `uniacid`, `module`, `enabled`, `settings`) VALUES
(1, 1, 'basic', 1, ''),
(2, 1, 'news', 1, ''),
(3, 1, 'music', 1, ''),
(4, 1, 'userapi', 1, ''),
(5, 1, 'recharge', 1, ''),
(8, 1, 'sz_yi', 1, '');

-- --------------------------------------------------------

--
-- 表的结构 `ims_uni_account_users`
--

CREATE TABLE IF NOT EXISTS `ims_uni_account_users` (
  `id` int(10) unsigned NOT NULL AUTO_INCREMENT,
  `uniacid` int(10) unsigned NOT NULL,
  `uid` int(10) unsigned NOT NULL,
  `role` varchar(255) NOT NULL,
  PRIMARY KEY (`id`),
  KEY `idx_memberid` (`uid`),
  KEY `uniacid` (`uniacid`)
) ENGINE=MyISAM  DEFAULT CHARSET=utf8 AUTO_INCREMENT=2 ;

--
-- 转存表中的数据 `ims_uni_account_users`
--

INSERT INTO `ims_uni_account_users` (`id`, `uniacid`, `uid`, `role`) VALUES
(1, 1, 2, 'operator');

-- --------------------------------------------------------

--
-- 表的结构 `ims_uni_group`
--

CREATE TABLE IF NOT EXISTS `ims_uni_group` (
  `id` int(10) unsigned NOT NULL AUTO_INCREMENT,
  `name` varchar(50) NOT NULL,
  `modules` varchar(10000) NOT NULL,
  `templates` varchar(5000) NOT NULL,
  `uniacid` int(10) unsigned NOT NULL,
  PRIMARY KEY (`id`),
  KEY `uniacid` (`uniacid`)
) ENGINE=MyISAM  DEFAULT CHARSET=utf8 AUTO_INCREMENT=3 ;

--
-- 转存表中的数据 `ims_uni_group`
--

INSERT INTO `ims_uni_group` (`id`, `name`, `modules`, `templates`, `uniacid`) VALUES
(1, '体验套餐服务', 'N;', 'N;', 0),
(2, '', 'a:1:{i:0;s:5:"sz_yi";}', 'N;', 1);

-- --------------------------------------------------------

--
-- 表的结构 `ims_uni_settings`
--

CREATE TABLE IF NOT EXISTS `ims_uni_settings` (
  `uniacid` int(10) unsigned NOT NULL,
  `passport` varchar(200) NOT NULL,
  `oauth` varchar(100) NOT NULL,
  `jsauth_acid` int(10) unsigned NOT NULL,
  `uc` varchar(500) NOT NULL,
  `notify` varchar(2000) NOT NULL,
  `creditnames` varchar(500) NOT NULL,
  `creditbehaviors` varchar(500) NOT NULL,
  `welcome` varchar(60) NOT NULL,
  `default` varchar(60) NOT NULL,
  `default_message` varchar(1000) NOT NULL,
  `shortcuts` varchar(5000) NOT NULL,
  `payment` varchar(2000) NOT NULL,
  `stat` varchar(300) NOT NULL,
  `menuset` text NOT NULL,
  `default_site` int(10) unsigned DEFAULT NULL,
  `sync` varchar(100) NOT NULL,
  `recharge` varchar(500) NOT NULL,
  `tplnotice` varchar(1000) NOT NULL,
  `grouplevel` tinyint(3) unsigned NOT NULL,
  PRIMARY KEY (`uniacid`)
) ENGINE=MyISAM DEFAULT CHARSET=utf8;

--
-- 转存表中的数据 `ims_uni_settings`
--

INSERT INTO `ims_uni_settings` (`uniacid`, `passport`, `oauth`, `jsauth_acid`, `uc`, `notify`, `creditnames`, `creditbehaviors`, `welcome`, `default`, `default_message`, `shortcuts`, `payment`, `stat`, `menuset`, `default_site`, `sync`, `recharge`, `tplnotice`, `grouplevel`) VALUES
(1, 'a:3:{s:8:"focusreg";i:0;s:4:"item";s:5:"email";s:4:"type";s:8:"password";}', 'a:2:{s:6:"status";s:1:"0";s:7:"account";s:1:"0";}', 0, 'a:1:{s:6:"status";i:0;}', 'a:1:{s:3:"sms";a:2:{s:7:"balance";i:0;s:9:"signature";s:0:"";}}', 'a:5:{s:7:"credit1";a:2:{s:5:"title";s:6:"积分";s:7:"enabled";i:1;}s:7:"credit2";a:2:{s:5:"title";s:6:"余额";s:7:"enabled";i:1;}s:7:"credit3";a:2:{s:5:"title";s:0:"";s:7:"enabled";i:0;}s:7:"credit4";a:2:{s:5:"title";s:0:"";s:7:"enabled";i:0;}s:7:"credit5";a:2:{s:5:"title";s:0:"";s:7:"enabled";i:0;}}', 'a:2:{s:8:"activity";s:7:"credit1";s:8:"currency";s:7:"credit2";}', '', '', '', '', 'a:1:{s:6:"yunpay";a:4:{s:6:"switch";b:1;s:7:"account";s:4:"1111";s:7:"partner";s:4:"2211";s:6:"secret";s:4:"3311";}}', '', '', 1, '', '', '', 0);

-- --------------------------------------------------------

--
-- 表的结构 `ims_uni_verifycode`
--

CREATE TABLE IF NOT EXISTS `ims_uni_verifycode` (
  `id` int(10) unsigned NOT NULL AUTO_INCREMENT,
  `uniacid` int(10) unsigned NOT NULL,
  `receiver` varchar(50) NOT NULL,
  `verifycode` varchar(6) NOT NULL,
  `total` tinyint(3) unsigned NOT NULL,
  `createtime` int(10) unsigned NOT NULL,
  PRIMARY KEY (`id`)
) ENGINE=MyISAM DEFAULT CHARSET=utf8 AUTO_INCREMENT=1 ;

-- --------------------------------------------------------

--
-- 表的结构 `ims_userapi_cache`
--

CREATE TABLE IF NOT EXISTS `ims_userapi_cache` (
  `id` int(10) unsigned NOT NULL AUTO_INCREMENT,
  `key` varchar(32) NOT NULL,
  `content` text NOT NULL,
  `lastupdate` int(10) unsigned NOT NULL,
  PRIMARY KEY (`id`)
) ENGINE=MyISAM DEFAULT CHARSET=utf8 AUTO_INCREMENT=1 ;

-- --------------------------------------------------------

--
-- 表的结构 `ims_userapi_reply`
--

CREATE TABLE IF NOT EXISTS `ims_userapi_reply` (
  `id` int(10) unsigned NOT NULL AUTO_INCREMENT,
  `rid` int(10) unsigned NOT NULL,
  `description` varchar(300) NOT NULL,
  `apiurl` varchar(300) NOT NULL,
  `token` varchar(32) NOT NULL,
  `default_text` varchar(100) NOT NULL,
  `cachetime` int(10) unsigned NOT NULL,
  PRIMARY KEY (`id`),
  KEY `rid` (`rid`)
) ENGINE=MyISAM  DEFAULT CHARSET=utf8 AUTO_INCREMENT=7 ;

--
-- 转存表中的数据 `ims_userapi_reply`
--

INSERT INTO `ims_userapi_reply` (`id`, `rid`, `description`, `apiurl`, `token`, `default_text`, `cachetime`) VALUES
(1, 1, '"城市名+天气", 如: "北京天气"', 'weather.php', '', '', 0),
(2, 2, '"百科+查询内容" 或 "定义+查询内容", 如: "百科姚明", "定义自行车"', 'baike.php', '', '', 0),
(3, 3, '"@查询内容(中文或英文)"', 'translate.php', '', '', 0),
(4, 4, '"日历", "万年历", "黄历"或"几号"', 'calendar.php', '', '', 0),
(5, 5, '"新闻"', 'news.php', '', '', 0),
(6, 6, '"快递+单号", 如: "申通1200041125"', 'express.php', '', '', 0);

-- --------------------------------------------------------

--
-- 表的结构 `ims_users`
--

CREATE TABLE IF NOT EXISTS `ims_users` (
  `uid` int(10) unsigned NOT NULL AUTO_INCREMENT,
  `groupid` int(10) unsigned NOT NULL,
  `username` varchar(30) NOT NULL,
  `password` varchar(200) NOT NULL,
  `salt` varchar(10) NOT NULL,
  `type` tinyint(3) unsigned NOT NULL,
  `status` tinyint(4) NOT NULL,
  `joindate` int(10) unsigned NOT NULL,
  `joinip` varchar(15) NOT NULL,
  `lastvisit` int(10) unsigned NOT NULL,
  `lastip` varchar(15) NOT NULL,
  `remark` varchar(500) NOT NULL,
  `starttime` int(10) unsigned NOT NULL,
  `endtime` int(10) unsigned NOT NULL,
  PRIMARY KEY (`uid`),
  UNIQUE KEY `username` (`username`)
) ENGINE=MyISAM  DEFAULT CHARSET=utf8 AUTO_INCREMENT=3 ;

--
-- 转存表中的数据 `ims_users`
--

INSERT INTO `ims_users` (`uid`, `groupid`, `username`, `password`, `salt`, `type`, `status`, `joindate`, `joinip`, `lastvisit`, `lastip`, `remark`, `starttime`, `endtime`) VALUES
(1, 0, 'admin', '006d5a465ae80246cba737e31f73672a0a402a16', 'f38b5855', 0, 0, 1454517215, '', 1459182019, '127.0.0.1', '', 0, 0),
(2, 0, 'rainyang', '223c46de6cf3d19333c1b98cc4bf5edc113e1bc5', 'JzBJ0b06', 0, 2, 1459181981, '127.0.0.1', 1459182475, '127.0.0.1', '', 0, 0);

-- --------------------------------------------------------

--
-- 表的结构 `ims_users_failed_login`
--

CREATE TABLE IF NOT EXISTS `ims_users_failed_login` (
  `id` int(10) unsigned NOT NULL AUTO_INCREMENT,
  `ip` varchar(15) NOT NULL,
  `username` varchar(32) NOT NULL,
  `count` tinyint(1) unsigned NOT NULL,
  `lastupdate` int(10) unsigned NOT NULL,
  PRIMARY KEY (`id`),
  KEY `ip_username` (`ip`,`username`)
) ENGINE=MyISAM DEFAULT CHARSET=utf8 AUTO_INCREMENT=1 ;

-- --------------------------------------------------------

--
-- 表的结构 `ims_users_group`
--

CREATE TABLE IF NOT EXISTS `ims_users_group` (
  `id` int(10) unsigned NOT NULL AUTO_INCREMENT,
  `name` varchar(50) NOT NULL,
  `package` varchar(5000) NOT NULL,
  `maxaccount` int(10) unsigned NOT NULL,
  `maxsubaccount` int(10) unsigned NOT NULL,
  `timelimit` int(10) unsigned NOT NULL,
  PRIMARY KEY (`id`)
) ENGINE=MyISAM  DEFAULT CHARSET=utf8 AUTO_INCREMENT=4 ;

--
-- 转存表中的数据 `ims_users_group`
--

INSERT INTO `ims_users_group` (`id`, `name`, `package`, `maxaccount`, `maxsubaccount`, `timelimit`) VALUES
(1, '体验用户组', 'a:1:{i:0;i:1;}', 1, 1, 0),
(2, '白金用户组', 'a:1:{i:0;i:1;}', 2, 2, 0),
(3, '黄金用户组', 'a:1:{i:0;i:1;}', 3, 3, 0);

-- --------------------------------------------------------

--
-- 表的结构 `ims_users_invitation`
--

CREATE TABLE IF NOT EXISTS `ims_users_invitation` (
  `id` int(10) unsigned NOT NULL AUTO_INCREMENT,
  `code` varchar(64) NOT NULL,
  `fromuid` int(10) unsigned NOT NULL,
  `inviteuid` int(10) unsigned NOT NULL,
  `createtime` int(10) unsigned NOT NULL,
  PRIMARY KEY (`id`),
  UNIQUE KEY `idx_code` (`code`)
) ENGINE=MyISAM DEFAULT CHARSET=utf8 AUTO_INCREMENT=1 ;

-- --------------------------------------------------------

--
-- 表的结构 `ims_users_permission`
--

CREATE TABLE IF NOT EXISTS `ims_users_permission` (
  `id` int(10) unsigned NOT NULL AUTO_INCREMENT,
  `uniacid` int(10) unsigned NOT NULL,
  `uid` int(10) unsigned NOT NULL,
  `type` varchar(30) NOT NULL,
  `permission` varchar(10000) NOT NULL,
  `url` varchar(255) NOT NULL,
  PRIMARY KEY (`id`)
) ENGINE=MyISAM DEFAULT CHARSET=utf8 AUTO_INCREMENT=1 ;

-- --------------------------------------------------------

--
-- 表的结构 `ims_users_profile`
--

CREATE TABLE IF NOT EXISTS `ims_users_profile` (
  `id` int(10) unsigned NOT NULL AUTO_INCREMENT,
  `uid` int(10) unsigned NOT NULL,
  `createtime` int(10) unsigned NOT NULL,
  `realname` varchar(10) NOT NULL,
  `nickname` varchar(20) NOT NULL,
  `avatar` varchar(100) NOT NULL,
  `qq` varchar(15) NOT NULL,
  `mobile` varchar(11) NOT NULL,
  `fakeid` varchar(30) NOT NULL,
  `vip` tinyint(3) unsigned NOT NULL,
  `gender` tinyint(1) NOT NULL,
  `birthyear` smallint(6) unsigned NOT NULL,
  `birthmonth` tinyint(3) unsigned NOT NULL,
  `birthday` tinyint(3) unsigned NOT NULL,
  `constellation` varchar(10) NOT NULL,
  `zodiac` varchar(5) NOT NULL,
  `telephone` varchar(15) NOT NULL,
  `idcard` varchar(30) NOT NULL,
  `studentid` varchar(50) NOT NULL,
  `grade` varchar(10) NOT NULL,
  `address` varchar(255) NOT NULL,
  `zipcode` varchar(10) NOT NULL,
  `nationality` varchar(30) NOT NULL,
  `resideprovince` varchar(30) NOT NULL,
  `residecity` varchar(30) NOT NULL,
  `residedist` varchar(30) NOT NULL,
  `graduateschool` varchar(50) NOT NULL,
  `company` varchar(50) NOT NULL,
  `education` varchar(10) NOT NULL,
  `occupation` varchar(30) NOT NULL,
  `position` varchar(30) NOT NULL,
  `revenue` varchar(10) NOT NULL,
  `affectivestatus` varchar(30) NOT NULL,
  `lookingfor` varchar(255) NOT NULL,
  `bloodtype` varchar(5) NOT NULL,
  `height` varchar(5) NOT NULL,
  `weight` varchar(5) NOT NULL,
  `alipay` varchar(30) NOT NULL,
  `msn` varchar(30) NOT NULL,
  `email` varchar(50) NOT NULL,
  `taobao` varchar(30) NOT NULL,
  `site` varchar(30) NOT NULL,
  `bio` text NOT NULL,
  `interest` text NOT NULL,
  `workerid` varchar(64) NOT NULL,
  PRIMARY KEY (`id`)
) ENGINE=MyISAM DEFAULT CHARSET=utf8 AUTO_INCREMENT=1 ;

-- --------------------------------------------------------

--
-- 表的结构 `ims_video_reply`
--

CREATE TABLE IF NOT EXISTS `ims_video_reply` (
  `id` int(10) unsigned NOT NULL AUTO_INCREMENT,
  `rid` int(10) unsigned NOT NULL,
  `title` varchar(50) NOT NULL,
  `description` varchar(255) NOT NULL,
  `mediaid` varchar(255) NOT NULL,
  `createtime` int(10) NOT NULL,
  PRIMARY KEY (`id`),
  KEY `rid` (`rid`)
) ENGINE=MyISAM DEFAULT CHARSET=utf8 AUTO_INCREMENT=1 ;

-- --------------------------------------------------------

--
-- 表的结构 `ims_voice_reply`
--

CREATE TABLE IF NOT EXISTS `ims_voice_reply` (
  `id` int(10) unsigned NOT NULL AUTO_INCREMENT,
  `rid` int(10) unsigned NOT NULL,
  `title` varchar(50) NOT NULL,
  `mediaid` varchar(255) NOT NULL,
  `createtime` int(10) NOT NULL,
  PRIMARY KEY (`id`),
  KEY `rid` (`rid`)
) ENGINE=MyISAM DEFAULT CHARSET=utf8 AUTO_INCREMENT=1 ;

-- --------------------------------------------------------

--
-- 表的结构 `ims_wechat_attachment`
--

CREATE TABLE IF NOT EXISTS `ims_wechat_attachment` (
  `id` int(10) unsigned NOT NULL AUTO_INCREMENT,
  `uniacid` int(10) unsigned NOT NULL,
  `acid` int(10) unsigned NOT NULL,
  `uid` int(10) unsigned NOT NULL,
  `filename` varchar(255) NOT NULL,
  `attachment` varchar(255) NOT NULL,
  `media_id` varchar(255) NOT NULL,
  `width` int(10) unsigned NOT NULL,
  `height` int(10) unsigned NOT NULL,
  `type` varchar(15) NOT NULL,
  `model` varchar(25) NOT NULL,
  `tag` varchar(5000) NOT NULL,
  `createtime` int(10) unsigned NOT NULL,
  PRIMARY KEY (`id`),
  KEY `uniacid` (`uniacid`),
  KEY `media_id` (`media_id`),
  KEY `acid` (`acid`)
) ENGINE=MyISAM DEFAULT CHARSET=utf8 AUTO_INCREMENT=1 ;

-- --------------------------------------------------------

--
-- 表的结构 `ims_wechat_news`
--

CREATE TABLE IF NOT EXISTS `ims_wechat_news` (
  `id` int(10) unsigned NOT NULL AUTO_INCREMENT,
  `uniacid` int(10) unsigned DEFAULT NULL,
  `attach_id` int(10) unsigned NOT NULL,
  `thumb_media_id` varchar(60) NOT NULL,
  `thumb_url` varchar(255) NOT NULL,
  `title` varchar(50) NOT NULL,
  `author` varchar(30) NOT NULL,
  `digest` varchar(255) NOT NULL,
  `content` text NOT NULL,
  `content_source_url` varchar(200) NOT NULL,
  `show_cover_pic` tinyint(3) unsigned NOT NULL,
  `url` varchar(200) NOT NULL,
  PRIMARY KEY (`id`),
  KEY `uniacid` (`uniacid`),
  KEY `attach_id` (`attach_id`)
) ENGINE=MyISAM DEFAULT CHARSET=utf8 AUTO_INCREMENT=1 ;

-- --------------------------------------------------------

--
-- 表的结构 `ims_wxcard_reply`
--

CREATE TABLE IF NOT EXISTS `ims_wxcard_reply` (
  `id` int(10) unsigned NOT NULL AUTO_INCREMENT,
  `rid` int(10) unsigned NOT NULL,
  `title` varchar(30) NOT NULL,
  `card_id` varchar(50) NOT NULL,
  `cid` int(10) unsigned NOT NULL,
  `brand_name` varchar(30) NOT NULL,
  `logo_url` varchar(255) NOT NULL,
  `success` varchar(255) NOT NULL,
  `error` varchar(255) NOT NULL,
  PRIMARY KEY (`id`),
  KEY `rid` (`rid`)
) ENGINE=MyISAM DEFAULT CHARSET=utf8 AUTO_INCREMENT=1 ;

/*!40101 SET CHARACTER_SET_CLIENT=@OLD_CHARACTER_SET_CLIENT */;
/*!40101 SET CHARACTER_SET_RESULTS=@OLD_CHARACTER_SET_RESULTS */;
/*!40101 SET COLLATION_CONNECTION=@OLD_COLLATION_CONNECTION */;
